timestamp,cpu,memory,latency,error_rate
2016-01-01 14:08:00,43.62260015748684,74.54185800790106,169.6062369662091,1.8500592809208907
2016-01-01 08:26:00,44.07606075761131,70.44581171185072,347.45472126543626,2.3229745036176683
2016-01-01 09:34:00,58.294055811834895,66.9964497365029,331.03965455149876,0.729938911287968
2016-01-01 02:19:00,37.69135683566045,70.51759113466348,126.623736712378,1.7323589091012064
2016-01-01 02:32:00,43.19975278421509,50.41557378465747,201.0443244147981,0.0
2016-01-01 12:16:00,52.56029734313876,44.194763712804686,183.2431109414274,1.5421516138175106
2016-01-01 08:50:00,56.38592458777374,62.113293703668056,223.68160384057273,3.4974316831796264
2016-01-01 13:19:00,50.297561394957455,60.319674730079136,215.0553669595871,0.9841211730100217
2016-01-01 05:02:00,57.472936051232615,57.37560364956887,180.80143640238242,2.216624975404619
2016-01-01 16:37:00,56.4084286126701,46.771880231584234,137.9119712259188,1.6797021954633582
2016-01-01 10:26:00,40.10395179741419,53.29017156511873,270.16849850625954,1.165676954508418
2016-01-01 03:10:00,45.53485047932979,61.580632592189396,120.09378240581262,1.5903134073705028
2016-01-01 07:25:00,56.69672548830039,50.22964659312257,213.17436076655298,0.8589914902472617
2016-01-01 13:22:00,50.96120776940983,49.37389849634306,217.49000122839539,0.7827173077795206
2016-01-01 05:01:00,44.39818959803031,74.88063524304785,150.09696863427936,1.062074423463601
2016-01-01 11:51:00,49.032868881296075,58.19428254069603,276.61838623390577,0.6841841835724929
2016-01-01 02:12:00,39.37696286273895,84.20566903587971,233.643061798341,0.2687986965550746
2016-01-01 02:34:00,52.93072473298681,84.63022740204553,136.991761741371,0.9614561791560277
2016-01-01 03:31:00,61.35565640180599,49.60642203306139,230.22576631776835,0.8219591326236193
2016-01-01 15:19:00,51.94089992898308,52.91864133454309,264.79358909315073,1.9405848187275059
2016-01-01 07:29:00,39.40786478111048,60.319073651040924,165.47294738418702,1.5863843343703572
2016-01-01 11:34:00,55.93101257968384,61.89569369319618,216.69299832842674,2.872197000072978
2016-01-01 04:08:00,67.65454240281096,63.50678867686121,190.54398046114832,2.22899639245934
2016-01-01 16:25:00,38.416353108074574,67.6962813014594,151.99768523602683,0.0
2016-01-01 04:43:00,37.62184501173151,74.35053475191876,150.94172344301592,2.8764556455029355
2016-01-01 07:33:00,55.040465155178445,99.02524671270592,164.2120005444624,1.43939236315269
2016-01-01 04:38:00,50.69802084990019,62.880736747350475,233.3156250454606,2.0795978623760365
2016-01-01 10:50:00,68.48956094945345,68.69449759820364,154.61219099265398,2.408052846836756
2016-01-01 00:33:00,,69.70793909554112,,1.0177059657453205
2016-01-01 03:55:00,56.33919022318011,84.58675208166102,236.5382059533262,2.189479821221081
2016-01-01 08:29:00,41.69049883588962,82.16295121582893,133.87710216282147,1.4663996935608332
2016-01-01 08:34:00,44.23228669431667,58.75978971235951,193.72728699985498,2.4347700645568913
2016-01-01 01:18:00,50.91760776535502,82.51139685951466,193.02768621595,2.234024454353148
2016-01-01 00:57:00,46.907876241487855,77.59093528889048,243.71945903563636,2.2043890316029766
2016-01-01 12:24:00,55.17659020469123,46.089702987141386,73.52199611528485,1.0048515181466207
2016-01-01 02:51:00,41.841897150345616,64.21787135954064,196.20244881787386,2.6082461916849686
2016-01-01 16:06:00,43.2360769794073,57.03992369539011,217.62524841784398,2.311109991143195
2016-01-01 06:57:00,51.156746342928585,64.02888418294886,217.02946082002484,2.207802507353313
2016-01-01 13:59:00,47.86011155774491,56.8782471409119,192.04773947999743,1.6896922946150963
2016-01-01 05:45:00,,37.726530473251444,,3.6284685547723217
2016-01-01 09:15:00,45.881230338775325,65.51048260224267,226.73145430612178,1.9677193889505298
2016-01-01 11:03:00,44.56575228866235,50.882670193583515,152.58259978878996,2.3123782104665715
2016-01-01 09:10:00,50.865897874729,58.49768885280071,120.70083438810208,1.468545448640785
2016-01-01 02:35:00,42.85648581973632,75.1472563401395,169.18192959802613,0.36872418453905453
2016-01-01 14:51:00,55.07274031107298,60.09633404716407,93.47167600963996,2.5825713188088053
2016-01-01 13:06:00,58.33922154548904,55.36186384425205,161.50019669012713,2.3163583215361445
2016-01-01 03:53:00,43.483996523941826,98.69564006481477,244.62986691496548,3.9114190871397234
2016-01-01 13:36:00,,27.722768980060422,,1.6171828103870314
2016-01-01 05:48:00,42.81555778747564,39.49681952376868,234.67394559569968,2.6789312900592783
2016-01-01 10:28:00,50.557249122886944,61.01783265791105,177.8477989435759,0.4571984847903541
2016-01-01 04:22:00,,68.08133988669553,,1.095385625006234
2016-01-01 14:42:00,45.10560557481778,41.48476692180117,169.65674110714122,0.15620641651925427
2016-01-01 06:37:00,63.538723741654124,45.42578942234023,149.80213139592507,3.4891131083282896
2016-01-01 11:30:00,46.3903383418092,68.80040702212912,149.16584357117515,2.5333592447054496
2016-01-01 00:35:00,37.791563500289776,83.6098014493505,337.9830019455539,2.446872500802698
2016-01-01 00:44:00,35.214780096325725,57.41059050088771,158.87900338088997,2.714609790636618
2016-01-01 04:35:00,54.62103474263271,62.12575370459857,145.70874355574074,3.3554428011054958
2016-01-01 01:32:00,42.979469061226474,70.9144431545547,231.1103572021701,1.9055412855579972
2016-01-01 07:14:00,65.02357052096028,57.49317429320383,211.26539610204708,4.272434720446881
2016-01-01 06:53:00,62.77676821898509,92.47503517351626,154.12485894928682,1.1679386951501434
2016-01-01 10:35:00,33.451433281342304,53.94527305137005,253.57715761174427,2.266818396295402
2016-01-01 01:22:00,,55.17547423173926,,0.032930296412847726
2016-01-01 12:56:00,42.728628241751316,50.82346363642072,187.191012375231,0.16885512166164984
2016-01-01 05:29:00,56.2834550926428,68.99893094994307,242.4551055371572,2.834751326324882
2016-01-01 01:41:00,45.79354677234641,16.556169327094658,154.89742228212447,2.855555659020712
2016-01-01 06:43:00,50.46980593764742,70.784299659976,186.41724448369735,1.901154798760694
2016-01-01 13:55:00,52.342147325365204,65.42255287809152,185.00809018625597,1.6024422345082785
2016-01-01 02:41:00,57.87084603742452,94.36413858886112,212.32523892160023,2.4559041951707026
2016-01-01 02:06:00,40.09463674869312,64.5395319785855,140.95935923455775,0.0906439124927072
2016-01-01 15:12:00,52.49383683710755,69.57076652161136,163.45218621422634,3.0094717885959685
2016-01-01 14:26:00,52.85865390724905,75.48819306512486,158.07071007763847,2.3195246707829553
2016-01-01 06:15:00,42.326524371119504,56.86014484272201,272.4249614946463,0.9759714091136205
2016-01-01 02:38:00,38.08696502797351,74.72648230487391,264.08218975018843,3.328640828248231
2016-01-01 11:04:00,42.871542173228356,79.45491819841664,223.16031460495614,3.1927351654164147
2016-01-01 13:08:00,49.29834288541353,64.78761765628771,177.1939586262906,2.1810627427710823
2016-01-01 01:57:00,38.31321962380468,59.13571804449622,150.28253126957438,1.244208499841637
2016-01-01 16:19:00,57.604146561442974,66.10578430686803,209.99052168593568,0.9503445010900589
2016-01-01 03:01:00,41.42842443583717,80.880034295169,182.12772885947865,2.522142545933936
2016-01-01 11:13:00,46.28559134004209,46.163847232522464,173.0579071903631,2.8201581867554846
2016-01-01 04:05:00,46.654987641590516,41.64089599856615,205.21779687616063,2.771920154836675
2016-01-01 08:02:00,33.93553679742428,85.90445776850108,299.62576765840595,1.6386894380327095
2016-01-01 14:06:00,52.89168643907818,78.98561761297051,170.5566586630652,3.090861670603698
2016-01-01 11:39:00,48.15097863557011,62.69372672909397,266.4466659767705,1.777279299223393
2016-01-01 14:35:00,67.94557863517788,80.93525716184934,154.5158291509083,3.1918993344135727
2016-01-01 10:41:00,66.69021525289392,81.18330833123144,189.0977052303813,1.8174310256204589
2016-01-01 11:46:00,37.19570647503717,70.08860551804096,207.24439165484455,1.4754329862329492
2016-01-01 00:34:00,58.225449121031886,52.75220306550939,253.01049537494399,2.0589842215895975
2016-01-01 12:15:00,,35.75534087345118,,1.8779428678787227
2016-01-01 04:09:00,54.049817109609556,36.66156530694559,246.08250559622297,0.14209854860171278
2016-01-01 02:30:00,52.504928503458764,45.129114758155396,191.20727977839644,2.841983695452127
2016-01-01 01:35:00,35.364850518678814,58.78925129837126,196.211785673227,3.279464931657751
2016-01-01 10:23:00,63.454200461549775,49.97783871691509,270.5229572601752,2.0469349020603698
2016-01-01 01:44:00,48.387142883339905,76.62274225106275,140.52940535663362,1.2703975301925905
2016-01-01 11:58:00,46.36387787786144,70.6417772570856,170.38220221739732,1.8185509307524832
2016-01-01 13:25:00,197.52517807945674,36.23796085491765,111.18768332667742,154.00317012644828
2016-01-01 05:59:00,41.727690564476774,62.750398796687335,220.43264057403354,1.0202787752831932
2016-01-01 11:41:00,60.49009225836889,67.33780695221495,254.54902125929834,3.4526167454861794
2016-01-01 06:58:00,61.792971840638266,82.92702639618798,219.53479604640722,0.7073746528477374
2016-01-01 16:23:00,49.5228864385802,72.93590208574138,214.43618314125115,0.876505966760402
2016-01-01 08:10:00,49.92027358683383,51.7221278116133,199.30811269528814,1.672982682390229
2016-01-01 13:29:00,41.05392697780496,73.42557471114173,172.52298627022327,2.81079864559171
2016-01-01 06:10:00,50.245101742589426,57.405809101148655,192.20509110316664,1.9225565392740063
2016-01-01 15:57:00,185.73480445033113,107.0662280048999,188.1722356390527,154.23830772131666
2016-01-01 06:17:00,51.83342005738352,75.59857031094114,133.6976156958981,1.0354622050898086
2016-01-01 01:42:00,46.572854834732304,91.32562057171091,156.51684593626527,3.649480894323921
2016-01-01 00:25:00,51.10922589709866,66.54485504511048,209.19247723768476,1.6114792248169907
2016-01-01 01:38:00,50.05113456642461,73.74491512053723,122.31206169919679,1.8704827531365593
2016-01-01 15:47:00,,59.56105779472532,,2.4281862478105762
2016-01-01 05:50:00,53.10907565598005,42.448304609109606,252.9968192023311,1.4806036281738733
2016-01-01 10:10:00,56.54365656354058,55.62283096626684,232.5760995669753,2.034027411072232
2016-01-01 04:39:00,46.1468640313824,55.363253036962476,223.12956464269757,2.5540577711159074
2016-01-01 09:13:00,52.54420843301213,47.5967946894021,219.4807088685452,4.511556551584423
2016-01-01 01:31:00,59.68644990532889,59.44166645235238,215.02371798054142,2.759712295484168
2016-01-01 11:59:00,49.43054376278933,53.46770444145235,206.17738479777913,1.893662997468685
2016-01-01 02:31:00,53.46448209496975,27.699148295944276,283.0735082864009,1.630792799552554
2016-01-01 09:59:00,53.77300493044852,49.07995588156298,175.40487762468973,1.7725237400465923
2016-01-01 03:04:00,47.76537214674149,45.15557795144494,89.40690443352466,1.2198008708825374
2016-01-01 12:34:00,40.50601111168057,67.66803899287471,196.30262171958037,1.3077496707341036
2016-01-01 09:51:00,45.223425532348834,16.17974274758089,177.1349172456605,2.604120889588518
2016-01-01 09:55:00,44.89983601145253,44.854039429350934,87.65553330076973,3.1464408704007276
2016-01-01 05:14:00,63.05478807154329,60.15528929765071,233.29621260272307,1.6385372333060142
2016-01-01 05:09:00,47.97807347566106,67.12047349319928,244.3827712936918,1.9996863273882253
2016-01-01 16:08:00,49.59842049355657,57.07637579470978,108.96983497257415,4.015275110460641
2016-01-01 00:15:00,44.37712470759027,62.96866175193972,190.30869306135983,3.0383788510193166
2016-01-01 07:16:00,66.28615545571292,56.2696331072468,193.42637021641661,2.573744421004413
2016-01-01 11:12:00,46.573124059196516,54.12362776434267,213.0221131666778,0.8569806879262714
2016-01-01 14:44:00,56.81891489626312,59.603913645616096,62.62475786373827,1.9359222358512833
2016-01-01 01:47:00,51.74577812831839,44.198766552395156,231.91959628041914,2.572390311175676
2016-01-01 08:33:00,40.92436337958402,32.0019507439041,187.2522103223151,0.2523634901717384
2016-01-01 16:10:00,51.28104414910789,68.90335083421293,104.38725122901116,1.6028046838540124
2016-01-01 03:21:00,55.60784526368234,53.558916883121206,190.45481041363507,2.4254448641841724
2016-01-01 12:29:00,35.93338903151778,75.01569138850712,189.77643895069392,0.5258678679578943
2016-01-01 07:11:00,,72.23605818808946,,3.346225756202748
2016-01-01 00:02:00,56.47688538100692,60.89445554880261,160.37900395000193,1.5863944665783558
2016-01-01 10:38:00,37.10039100258946,90.93787378864718,148.37380482362303,1.8762673199002433
2016-01-01 15:38:00,,76.2867948740902,,1.650560672783044
2016-01-01 13:30:00,48.13128355838641,52.75408422474841,194.16170421023767,1.0061373251651466
2016-01-01 05:23:00,70.9238727568546,67.29752465739303,283.7246216673769,2.257975981221181
2016-01-01 08:18:00,41.24381746615243,75.36093788717193,239.51859480258557,1.8168495289467053
2016-01-01 08:40:00,33.305947188786284,78.31550543288029,208.7605709454256,2.5027448074908145
2016-01-01 12:19:00,60.1437006501813,85.65920058872888,242.6987988276112,0.6519528880598329
2016-01-01 04:10:00,37.391160456649544,64.96320348321686,193.6225439811233,2.6032475005713938
2016-01-01 05:12:00,58.2541634898803,80.8531132352597,211.5035379595701,4.086047049537114
2016-01-01 05:53:00,48.40061470036573,71.3873274045397,131.7022144399733,2.0771564962177167
2016-01-01 04:11:00,59.17861947054776,72.50293442413387,275.5577465123674,2.2981584659905256
2016-01-01 14:02:00,38.772779784377015,51.76912638388558,273.8467213059137,2.978889558556779
2016-01-01 06:11:00,54.979982912454496,85.67562720213516,172.58563517546995,0.8047062364007553
2016-01-01 15:09:00,71.6325472330546,62.1441464214556,262.85746084312865,1.263229864052378
2016-01-01 05:42:00,52.44966571108723,66.55407254619524,224.60094239963996,0.9736307923341079
2016-01-01 14:33:00,42.69069960058081,71.6949079840401,170.76911346714002,0.5230750724680986
2016-01-01 09:24:00,62.012139221639444,71.0526584563865,155.2326838818488,2.9583858198420425
2016-01-01 01:40:00,35.84629257949586,74.97015164789478,218.82047630487583,1.293107432012651
2016-01-01 11:48:00,29.18070592116278,58.010493804261394,182.42928821431337,2.424066861518451
2016-01-01 03:43:00,33.87284128810349,66.20698646177247,190.93879133909485,2.6952029000839994
2016-01-01 13:52:00,39.95859233247932,74.29704950869868,278.1444384254099,3.036087651046256
2016-01-01 12:58:00,49.25566570899954,53.5604666322411,196.91179000699356,0.0
2016-01-01 13:05:00,60.807807255546216,38.13672750802604,182.40393410917454,1.4494480682915123
2026-01-01 00:00:00,55.193465142411725,59.77035226240507,148.53142459089642,0.846667596794255
2016-01-01 08:53:00,37.889838002375434,57.78596120551997,154.06567442569528,0.7609472974733575
2016-01-01 07:59:00,61.195749114345766,53.438125495148846,234.64593115158056,3.386349397262843
2016-01-01 08:38:00,,44.63719763506192,,3.279518669760159
2016-01-01 02:59:00,77.20169166589619,43.44616024176344,200.3399922279999,2.5156280884439566
2016-01-01 09:42:00,56.32781866106285,44.762672715324044,197.34396734912272,3.920367502144261
2016-01-01 08:57:00,46.154444557701744,52.009487405071326,245.9227221971207,1.18759765106258
2016-01-01 07:24:00,36.95530499495147,65.99531927628962,174.85126147243284,2.6954024745502987
2016-01-01 15:03:00,62.78451862607299,65.54463288297141,216.47543677865045,1.0574419942081237
2016-01-01 08:41:00,55.43360192379935,68.73146555202923,349.2629501301705,0.0
2016-01-01 00:42:00,48.843517176117594,76.18021250146944,173.79558010327037,1.4134687304360645
2016-01-01 01:58:00,61.42822814515021,63.016485700724516,71.88331706023448,3.0487071264165637
2016-01-01 15:41:00,58.724573282801444,54.125271488673135,176.6752310385901,3.2302221756507876
2016-01-01 07:09:00,32.41260513576886,55.84780050166619,183.29613845100297,3.1013229577357624
2016-01-01 12:32:00,40.241267470226674,50.188864753088644,176.70972154409185,3.2528426344274837
2016-01-01 14:03:00,53.82409746184051,61.39267351711672,141.61102243660326,0.6282568707364944
2016-01-01 08:54:00,43.48163892197841,53.00945247197637,179.13165931974578,4.095843501809159
2016-01-01 05:13:00,164.94630750491666,68.36715459527794,224.88715445456972,188.57366724298032
2016-01-01 00:17:00,53.142473325952736,52.741712489185176,99.80688177966232,0.0
2016-01-01 05:04:00,49.79098406035852,68.04764765355606,299.7833744891982,3.100821398422605
2016-01-01 02:53:00,53.41151974816644,59.06110308150716,207.587899612437,2.7760279138434756
2016-01-01 09:52:00,,66.54839706236501,,4.3036387521047885
2016-01-01 11:35:00,46.904535606860094,89.08393498587427,271.5683390915592,1.6849132688058914
2016-01-01 16:17:00,25.761206733710434,74.21289693184286,157.68420112671322,3.4473056993918068
2016-01-01 03:44:00,45.280681342105666,57.220685116834375,167.5313480839287,2.2837510236615013
2016-01-01 15:02:00,50.28744822934817,77.59686956379961,171.50835358806205,3.6690695258263313
2016-01-01 05:17:00,46.89733243406544,55.421629434679986,169.13734067265383,1.0176964196226854
2016-01-01 11:42:00,42.95656309457241,69.52082202842655,300.61352228503824,1.0836790809265802
2016-01-01 13:10:00,54.296182191325855,31.87241295531383,229.75147329177824,2.5861658003927834
2016-01-01 08:51:00,33.3847993773104,33.473409516557226,153.6809435009231,3.8577023435377322
2016-01-01 01:05:00,63.56240028570823,43.20495158060784,170.86206711942089,2.3215932113392386
2016-01-01 12:01:00,32.89831607343375,56.106799836241244,174.71266478690316,3.7031726099180378
2016-01-01 06:46:00,39.32379570617405,38.67283999887235,135.02093815362014,2.682069490062631
2016-01-01 16:28:00,47.79035826170336,50.37777607165572,143.48981376630383,3.9234457948249535
2016-01-01 08:15:00,55.38910043684659,90.09139332238684,240.66025933739886,3.935154040060229
2016-01-01 12:31:00,36.48315394383666,70.16812979296361,278.6509862607428,2.3291067787101296
2016-01-01 16:04:00,49.102643057127736,68.33406699005172,261.15415335476627,1.3917734925552407
2016-01-01 09:22:00,58.711247034316926,23.636396095905873,153.72876869702063,0.0
2016-01-01 07:48:00,44.69498852389472,42.06175406947224,234.16644964055348,1.5454522812565559
2016-01-01 09:47:00,41.50155630535208,54.494582413750166,189.85096813021715,1.0818730165834252
2016-01-01 06:32:00,36.797667929793576,90.20080871289935,125.17353724549605,1.926027136405622
2016-01-01 00:23:00,35.75251813786544,92.13405537917795,134.5589800440444,3.153900734255747
2016-01-01 00:13:00,30.86719755342202,49.66218272865648,153.00484494455677,0.6028818148870088
2016-01-01 08:30:00,52.704568257798385,42.87466328799742,224.09330308592456,3.220821298813048
2016-01-01 11:36:00,53.26133022242118,44.995030130916376,254.08833638364143,1.4282539580439386
2016-01-01 09:26:00,29.61875464822146,61.00486075837308,150.20923026048854,2.2290746882057024
2016-01-01 07:54:00,66.44967713501283,48.2265253037664,215.19092978024378,1.2829838508720637
2016-01-01 09:57:00,40.21236284217693,90.86243204567548,210.56418461397362,3.0071333364731596
2016-01-01 04:02:00,55.049872789804574,51.274786290770344,298.82202922577426,0.33140074112180473
2016-01-01 04:12:00,,30.093965361428168,,2.6386601686431024
2016-01-01 12:39:00,57.003098794089915,79.72371680376071,231.13556119501342,1.9777210208162868
2016-01-01 02:09:00,44.96524345883801,64.9314361545522,235.90928628539672,1.5885068554378199
2016-01-01 07:08:00,60.58424486849588,56.68119564621342,256.21766799352514,2.444198327290672
2016-01-01 02:16:00,42.16746707663763,77.8420573338696,205.09281476309934,2.9515497705740428
2016-01-01 04:54:00,53.57015485965047,61.22744037821347,158.47777967217172,0.7929783521427844
2016-01-01 03:41:00,31.32734807408252,64.64731065340541,167.62290971824206,2.7574951493374855
2016-01-01 07:22:00,29.325578999601234,62.7153233805556,135.38686524471905,2.14098269961206
2016-01-01 06:29:00,44.23096344337597,48.69873194480725,251.76246673618763,2.1390603986534176
2016-01-01 07:05:00,63.68631557532349,30.504651159359973,225.71273780089174,3.063940987560856
2016-01-01 07:34:00,44.69742381627559,68.48264468447316,234.102603285631,0.0
2016-01-01 01:46:00,68.8618590121053,69.19160857593855,154.96896326760657,0.7068584562413522
2016-01-01 13:02:00,53.801978510059634,37.42919438953497,139.83995723054278,0.9574223053294237
2016-01-01 13:21:00,,59.090087792780686,,0.3997288954962901
2016-01-01 05:31:00,41.02745628514168,78.28142777545975,196.42003740709666,0.45427021330926687
2016-01-01 01:14:00,23.802548959102555,74.94400229170711,169.1174052282825,1.2669670044760106
2016-01-01 06:42:00,50.05243699718183,77.78556231994496,172.66599577063673,2.195481731553291
2016-01-01 13:49:00,47.18215391139493,60.28274434417271,181.67464898159741,2.4809080927488956
2016-01-01 16:20:00,57.85800158650832,45.42514898188071,213.2010040666835,3.3625628527124523
2016-01-01 15:37:00,57.08356447299353,67.01539757648149,188.52256723198263,0.6672226025203503
2016-01-01 10:12:00,52.799686263198204,73.24664665720738,189.9254233026241,1.8209067149838438
2016-01-01 09:44:00,51.81866255058495,66.4322475049586,254.82346169054418,2.0712537499108925
2016-01-01 12:47:00,67.7080063563551,57.36171281351495,222.73704560705673,3.3035079319347593
2016-01-01 00:21:00,47.74223699513465,51.394499940921314,213.86884689790958,1.536838637914601
2016-01-01 14:28:00,56.5854427267283,43.63550354677203,226.7408668172955,2.1398872328391274
2016-01-01 00:39:00,51.96861235869123,75.70647453918232,111.54620475554408,1.7933887203039534
2016-01-01 14:21:00,34.84255885002768,72.16212409739673,224.19383255940198,1.2106614942803255
2016-01-01 07:32:00,40.14273953664456,63.61129769232853,196.64108549753223,1.87234531848181
2016-01-01 15:21:00,,71.218653841763,,2.2242347445352917
2016-01-01 06:02:00,181.12876989163908,61.7937055262123,,151.29194861100055
2016-01-01 02:58:00,47.35343166762044,45.17113339273624,301.18031096148195,2.975312458477979
2016-01-01 04:14:00,34.80630034045987,78.41503488709938,137.38032777934404,2.367619840209711
2016-01-01 15:22:00,51.32969674146876,43.9088546139029,190.2651351941659,1.6535734939931004
2016-01-01 15:58:00,55.69767280232204,75.84085213599077,256.7810073591472,3.116833775529954
2016-01-01 03:13:00,37.542612212880115,64.79672901213806,131.84129977035948,1.3823583230663035
2016-01-01 08:48:00,52.59722501721482,52.667258673205886,302.8271782414771,0.16831775279397387
2016-01-01 14:29:00,70.1020453876635,53.83778568068123,261.4490251244531,2.996118214911129
2016-01-01 00:26:00,38.490064225776976,60.570052172523006,290.0255590755427,2.1904238899250577
2016-01-01 14:15:00,44.29253706250524,49.94069686385033,174.3401817743302,1.8487007797674777
2016-01-01 14:59:00,41.83064329012764,55.56779522956259,214.36644522015047,2.3796396483859654
2016-01-01 14:48:00,55.90654830692309,52.89240979393626,180.74890941435683,2.1430487698789524
2016-01-01 09:35:00,27.88864690992115,59.465377765537745,144.4016487112918,2.286955854301709
2016-01-01 09:31:00,66.76437312275283,41.18565865246126,127.5704292683228,3.3119837385739466
2016-01-01 04:49:00,43.77300480179406,27.706641105712755,271.1184930849254,1.7119611260779237
2016-01-01 05:52:00,58.576596232020194,68.12194092307182,234.17846616002387,2.4283166923752377
2016-01-01 14:07:00,74.55300139910895,47.007377276782485,158.136878447515,1.5370604879747418
2016-01-01 13:07:00,54.59180079228437,48.71765391614125,135.19416678750528,1.1147513138757774
2016-01-01 03:25:00,40.62174960084877,60.608875368058236,223.62031389401886,1.3230048615414687
2016-01-01 06:40:00,34.05572341205633,44.296335259770906,163.91312233313732,2.4914294527201997
2016-01-01 00:52:00,43.23077999694041,67.41045279424108,167.09417554623718,1.7114513041242951
2016-01-01 13:46:00,,43.64401383835731,,0.8238266634452194
2016-01-01 07:57:00,53.112501545435364,66.29298665860541,272.6630331660517,0.0
2016-01-01 05:34:00,59.75119733417751,62.23001185803167,244.5191581759893,3.3995946451457932
2016-01-01 16:07:00,68.00940432910815,57.730900745197324,171.48243167931597,0.11035070790384705
2016-01-01 07:39:00,,70.09772026904938,,0.8283456526824382
2016-01-01 02:54:00,52.766907993300194,48.690531166999854,158.24285491849884,0.9977829810732752
2016-01-01 01:43:00,,57.90615557767239,,3.070610559979186
2016-01-01 08:06:00,43.534271157574736,38.724514006004526,180.64346751052426,3.5301951988633515
2016-01-01 14:57:00,51.46713686433323,83.97970755757075,286.2348324880554,2.7105491022977852
2026-01-01 00:00:00,47.009926495341325,53.578272585511314,260.1942218584408,2.5530400858523583
2016-01-01 08:37:00,40.22444755201449,69.46217526832166,89.03498136262324,2.4243939378610126
2016-01-01 09:03:00,64.41568620657901,53.14355615120592,184.57586057720903,0.9226239230152418
2016-01-01 07:45:00,47.79030400466777,68.82867606630914,244.3645418633371,0.6632745611240694
2016-01-01 08:08:00,66.87141635072564,37.11515528144858,201.2694210271205,1.0754358856219
2016-01-01 10:56:00,50.13929291912946,62.52691464404421,145.40330498023434,2.0071784669079418
2016-01-01 05:03:00,56.10370265433465,48.66382260760733,212.5100103125847,0.9742473163597227
2016-01-01 11:29:00,54.4426331148604,56.11642539443884,230.6234397006801,1.8482855664227709
2016-01-01 08:49:00,40.956833748955916,43.205738500664836,143.45557823370422,0.9486900883606555
2016-01-01 06:28:00,59.5042383818605,60.4800622359865,244.50992055623934,2.8616361244979442
2016-01-01 02:22:00,33.92516765438772,57.7491661945121,208.66708321852042,1.900905699758731
2016-01-01 06:06:00,52.24092481810417,59.590431907351025,173.2099268473851,1.474120324104796
2016-01-01 10:33:00,45.7311893005258,75.44941226371742,215.56543367214425,2.7441857103150347
2016-01-01 03:39:00,50.81874139386323,92.17723691660083,187.64871496270015,2.721479323757343
2016-01-01 12:52:00,56.32407739055521,50.66025957398322,191.1612918442109,1.2179965074889632
2016-01-01 16:05:00,64.40117215449473,61.34371021882873,187.05727998150843,2.3631156277445236
2016-01-01 10:40:00,46.64215300709872,60.36329185009137,290.4653174866555,1.5030679748820217
2016-01-01 00:14:00,32.75082167486967,86.03945704747875,241.47374209658742,1.4164006736539951
2016-01-01 02:42:00,61.58595579007404,39.15641299854606,224.91108742483925,1.5409096897810082
2016-01-01 09:07:00,47.96954613957007,64.52687849729199,171.7612997914529,3.466540859278603
2016-01-01 05:51:00,64.75356216949552,32.970293436299706,230.85029747883488,1.6590921226539201
2016-01-01 02:10:00,34.493365689338674,64.8203582317541,221.92378694048637,1.910765845778551
2016-01-01 16:18:00,34.16097176514277,48.40683498264586,227.17396893350465,2.5681032051286463
2016-01-01 04:58:00,58.1286211883896,64.01088471107855,232.52250462680695,0.8466494894040406
2016-01-01 06:09:00,42.26990216144534,46.727959289596484,261.79058100034695,2.1310651862158485
2016-01-01 14:50:00,58.204821811973645,68.19426372005549,207.06285700437317,2.6928575842374367
2016-01-01 08:24:00,43.49357430878173,57.447230662126074,145.7424736721101,1.4982158071884681
2016-01-01 08:03:00,52.03463635867223,54.005457215780964,161.6671706108326,1.9358158387111808
2016-01-01 06:01:00,65.32738913002578,68.68937249401633,132.36648570782327,0.31265565288928965
2016-01-01 09:01:00,38.702931453423815,86.58377395004617,137.0747544662333,3.4510014381313363
2016-01-01 14:10:00,43.76859473575236,50.30659035234295,172.58656025374614,1.4753375929331969
2016-01-01 12:27:00,42.44617067646678,67.51641254909768,142.44929581902466,2.1784766638853896
2016-01-01 14:13:00,61.89016531107552,73.78731260415002,211.02707135069335,0.8928431831975483
2016-01-01 01:16:00,50.870470682381715,36.651271520103734,230.78855748855707,2.775155494034783
2016-01-01 14:55:00,56.48709887589643,54.449834551768085,396.31188532181636,3.00163182520856
2016-01-01 13:13:00,37.232514241796906,70.07010114675698,153.66508455763446,1.759334825469787
2016-01-01 04:25:00,37.52216818035151,38.79428254642529,259.6253756238988,3.941217436463749
2016-01-01 10:02:00,58.6960592010566,50.310537313131974,168.23188055871853,4.049812095785926
2016-01-01 07:04:00,56.45375949585147,44.327862089684494,123.4446248722139,0.22398824595159783
2016-01-01 09:18:00,53.944521423782966,82.39032853439282,216.39105864215426,1.8868719474842597
2016-01-01 04:21:00,49.404746439382,61.14008087118617,220.21473774808487,2.046002747253274
2016-01-01 15:32:00,35.51986099583756,53.0203431482992,155.5379585885838,2.8875039674140592
2016-01-01 00:29:00,47.083062502067236,44.658111522023916,175.41819071839763,2.0344410117058414
2016-01-01 12:04:00,51.708654381279416,45.96841946933107,298.12935952653976,1.3779651944456186
2016-01-01 10:51:00,61.26565029547757,64.8869447487325,275.9641961820885,2.5507975722736633
2016-01-01 13:42:00,72.9889812361925,56.627160272878825,197.55514082629472,1.955106969877463
2016-01-01 10:55:00,50.59218434014488,55.56897884791456,242.72626135333078,2.3641402960546616
2016-01-01 11:27:00,46.251791924504026,63.01739483809259,123.2213938396447,2.2647753109779796
2016-01-01 04:13:00,60.32465260551147,65.61084854771359,199.39555260769728,3.0581183250871504
2016-01-01 05:39:00,44.36275447196025,62.55624333563232,166.98394302632764,3.796360822926964
2016-01-01 09:40:00,53.38496407494414,63.008537958464146,218.60527363034313,4.124771403016961
2016-01-01 06:39:00,62.378163119734616,50.14658581542906,203.4672168518125,1.5956025768160387
2016-01-01 10:34:00,39.87895624739832,54.97837001840189,284.997868728819,2.4215460835365614
2016-01-01 06:08:00,50.97676098548832,53.35076623212734,144.17377800256705,2.400481386506329
2016-01-01 03:12:00,52.14093744130204,50.9794853407318,301.21548116434263,4.281651836538843
2016-01-01 07:17:00,36.198985417851084,84.1101836402999,241.30235857207532,0.7236955834616641
2016-01-01 06:48:00,51.20295631711899,55.15980241736796,240.5698277245796,1.7775251032217345
2016-01-01 10:03:00,63.55637858804951,48.0121199002462,140.51666704548194,2.0006828189574826
2016-01-01 07:01:00,67.55340842443204,76.08761005964703,258.4794996213887,1.9227789547769545
2016-01-01 04:04:00,37.997035929442234,50.26083682400989,280.86062874843117,1.8271982626035357
2016-01-01 07:03:00,59.71570950954356,47.4118549899149,197.82615250930687,2.418205755887972
2016-01-01 15:40:00,37.19695601329106,64.62075809256153,249.82852552897236,2.379153118726124
2016-01-01 03:20:00,53.577873603482836,61.87836753971861,290.2174054893371,2.185175536829914
2016-01-01 13:32:00,64.46977884353733,84.18330942383136,286.9425675926666,1.143501762590801
2016-01-01 05:57:00,47.11341361079862,65.8770600810382,207.16942336711256,0.0
2016-01-01 03:34:00,46.84730755359654,55.57575482561958,176.49789261202494,2.7356219972457465
2016-01-01 03:28:00,55.150476863060476,38.96092092300459,184.3470984738423,2.9003985883950634
2016-01-01 04:15:00,45.15765927133749,41.855384719631914,218.1815941312484,2.1480894197982763
2016-01-01 01:25:00,44.982429564154636,66.45062470786604,138.96437870429207,2.309998983165555
2016-01-01 05:16:00,56.81952971294964,44.02329505386941,241.94702502348062,1.9460951509942608
2016-01-01 06:16:00,58.723206367206785,49.963908920101254,182.0115677105457,1.7201896576229938
2016-01-01 10:08:00,32.212797510957216,64.84618909674043,244.8533098443566,0.6504237884484678
2016-01-01 06:44:00,45.49934528520756,74.94071528708724,283.67260451492683,2.435975389500046
2016-01-01 01:37:00,52.610552721798896,30.026989732018386,146.40713834799223,2.5835443030118874
2016-01-01 11:40:00,44.772769794809605,65.25945148910338,219.34042603446014,3.0651719657143865
2016-01-01 06:33:00,68.31458765854353,62.04802996624106,167.49880327965508,1.9243343956741696
2016-01-01 10:31:00,65.29550319460614,47.3046501751369,223.15923976337925,1.365714152310597
2016-01-01 02:17:00,46.77938483794324,41.58588277294511,277.4510075747594,0.9788375424396998
2016-01-01 00:53:00,56.11676288840868,63.910106487358604,184.81369856116677,1.2162464788755716
2016-01-01 12:36:00,54.93317900880889,57.93827228058462,209.75124920140632,2.1034381293081066
2016-01-01 11:21:00,38.70948228782771,59.63706590413626,184.8977250255068,1.606470144030271
2016-01-01 01:33:00,46.723378534022316,60.77918828710949,143.05834411096154,2.419609972024118
2016-01-01 15:53:00,64.4376460407326,50.1935049202677,276.050311357969,2.570507208354516
2016-01-01 05:22:00,41.81779316766527,58.94251832911363,222.8886433075943,0.45103947494652497
2016-01-01 09:48:00,58.303358165442454,47.5861466902692,159.99807178011767,3.2395840064415617
2016-01-01 12:12:00,54.082527557144715,59.708705911684014,228.14404300871774,0.0
2016-01-01 11:02:00,49.672467297840015,28.172176514871083,229.86141091266924,2.373348559711398
2016-01-01 16:27:00,58.77362290575671,67.74267430672438,204.66861871383256,1.4517997018332274
2016-01-01 08:44:00,42.367408434574834,54.416898358934205,246.0900750988626,1.418217966607946
2016-01-01 13:45:00,64.533844771177,66.62910974354114,285.2052758127746,3.17171791471616
2016-01-01 08:14:00,65.23124077269657,83.13164928851813,137.1746552860372,2.5114995753618614
2016-01-01 09:04:00,25.283554998727105,50.966819094573296,321.3358243172761,3.3764964500195376
2016-01-01 11:25:00,57.12998430172388,77.81519082692346,215.8077978591389,1.149464721252956
2016-01-01 12:00:00,53.07801768892059,67.69658697264124,297.7078716875143,2.99558151400203
2016-01-01 12:10:00,51.958452550976816,56.64801026442222,261.54372565773673,2.8580141953021454
2016-01-01 09:43:00,176.40888607115085,60.92519774771957,261.1784441209314,160.88498994286164
2016-01-01 03:29:00,88.52731490654722,86.24365114780409,199.9645702711677,2.451225319318508
2016-01-01 00:49:00,32.36959844637266,80.70137031221176,207.75953419294896,3.1972469236452277
2016-01-01 12:46:00,,92.5641407624672,,1.02463397272175
2016-01-01 06:38:00,48.85460154747382,78.00620861916639,210.3633664699472,4.271449745422796
2016-01-01 11:23:00,54.89374561227918,64.86538922582405,236.59353521441477,3.2292147842970502
2016-01-01 04:18:00,54.43819428146229,49.424822163623865,69.78930716864329,3.1867346201773312
2016-01-01 16:14:00,45.538165667852205,59.71936865331154,245.5681361087361,2.3556689485632294
2016-01-01 11:18:00,59.35678393147461,74.9746634722194,204.76720997206542,3.191707497107065
2016-01-01 16:11:00,43.18948342525119,15.894170480035797,196.56829769572656,0.8977302595441445
2016-01-01 09:54:00,60.375399442578995,24.55601346687242,242.42154411026422,3.259233239786799
2016-01-01 11:45:00,56.06009951345639,56.38113518072186,252.25442370423767,2.307612668189196
2016-01-01 04:28:00,45.599555133030165,48.9670508611535,174.7910084496164,2.2314459225255723
2016-01-01 06:25:00,51.50393786476208,64.48938870609737,162.07523326499654,1.4360525119417566
2016-01-01 05:46:00,35.51915658502676,21.691182976470678,176.0581271995798,1.7156153503934908
2016-01-01 14:11:00,44.44522880839745,86.62966338914268,241.66669558901535,2.493654847643151
2016-01-01 10:04:00,54.13434903223701,52.758847167269515,168.7827305143388,2.782130001531459
2016-01-01 13:26:00,52.22133771633713,64.00689976517225,195.97001253516197,2.0347137487525617
2016-01-01 01:15:00,58.21902504375224,52.593651252580315,184.19635719864752,3.818061922557825
2016-01-01 09:46:00,45.40639100459756,62.64662332915838,134.03764027006162,1.304305122802936
2016-01-01 00:28:00,43.99361310081195,69.20276959095625,210.4829707637313,1.4901933068091173
2016-01-01 05:07:00,44.0842861116417,59.86321505033695,190.8401690639806,2.3616610612470166
2016-01-01 02:29:00,52.96984673233186,47.29557977522508,117.84055944229164,1.1033577726847918
2016-01-01 06:31:00,54.919191715065054,49.834269453718406,153.5244569903795,1.1971755560491577
2016-01-01 12:37:00,51.84836123694874,74.29311820804408,162.08589655562048,4.042076040143744
2016-01-01 05:44:00,45.289616943816775,74.24331203161985,92.33285400643778,1.0352945742492852
2016-01-01 06:07:00,50.12592400781795,46.00098061390206,114.63210212035267,2.1777501062680313
2016-01-01 05:18:00,53.24166352488442,50.85731696761076,172.08491230269848,3.121857856230471
2016-01-01 13:31:00,45.60268941725825,62.20189517978324,168.22210792977984,2.4201915428949916
2016-01-01 09:49:00,41.43916174091133,61.292158245695624,196.82377126923225,1.6037703218982402
2016-01-01 02:14:00,40.80575765766197,56.33765047064027,182.2979644529488,2.0413256322706186
2016-01-01 14:01:00,56.74819492166604,31.772264317535413,124.16787252896044,1.290211007766465
2016-01-01 11:56:00,51.142276486620396,64.97970495853522,231.2754008415518,5.243092969594733
2016-01-01 04:31:00,35.6413784882056,69.13707181360766,175.6385717943224,1.1270389095462996
2016-01-01 03:50:00,42.69633368282864,51.637623224882496,165.7685087119998,1.5820904542341094
2016-01-01 09:11:00,48.44322764607921,56.94489374734551,106.00378074304774,0.43214057463454414
2016-01-01 16:38:00,44.28821010217203,57.553995540843545,216.70882086224486,3.643378155804534
2016-01-01 01:50:00,30.812287847009586,57.1397639885498,172.79429989429036,0.8382161560876362
2016-01-01 07:56:00,55.765569630557664,58.18577777088328,188.45668130776156,2.9778155496862
2016-01-01 01:34:00,46.078918468678424,70.98960115823368,251.95558937101345,1.1361170394102338
2016-01-01 06:12:00,64.51143607795042,39.421482856029655,208.0009112926394,3.450927548279212
2016-01-01 11:22:00,44.75479733720226,46.44447208904808,183.52761068264545,2.1786947168104756
2026-01-01 00:00:00,48.556395880760576,77.09817841693568,227.6625609992392,4.212531039397242
2016-01-01 02:47:00,68.96792982653947,68.4586368007854,137.1211070542692,2.158053489920132
2016-01-01 10:54:00,75.7335980324986,65.07725765192536,167.10827230739315,2.149363482271189
2016-01-01 09:38:00,35.214137542201584,48.981126348029264,214.03182022450682,1.184624371683879
2016-01-01 14:00:00,49.50536290347567,58.07193732841604,214.78122443735475,1.3856768559037056
2016-01-01 08:07:00,39.18451996385605,33.587867820288366,197.7294391033881,2.664927162301741
2016-01-01 02:15:00,65.4993440501754,74.46130752432536,171.31991135515494,2.443002130447375
2016-01-01 16:13:00,,62.92104292078162,,2.0866976994143966
2016-01-01 05:20:00,50.96995964992718,60.849748873456605,221.9750615310113,2.196131459023907
2016-01-01 08:28:00,50.48521627944827,61.32610329437771,132.44628168959895,2.50024046943657
2016-01-01 02:56:00,50.13001891877907,34.605647787069216,119.61694864409706,0.533214809384323
2016-01-01 15:26:00,44.410781527284115,22.045687158805052,194.18854784390209,2.9603047962814704
2016-01-01 07:26:00,53.66598246096848,52.07074977375365,214.7112064506747,1.8884911728570564
2026-01-01 00:00:00,47.658466252766644,70.47334970420386,105.31926665231072,2.556553124533758
2016-01-01 04:56:00,58.995998754332504,73.78614724481653,220.91991104443417,3.676393027208203
2026-01-01 00:00:00,53.42725346377704,27.964886790319568,246.60957821301923,1.9070557933864116
2016-01-01 12:53:00,59.7255444962673,62.91911182855864,122.56908505681267,1.240296882519713
2016-01-01 00:00:00,171.21860130268175,80.99033154879004,166.24108625128093,150.49846173672591
2016-01-01 09:53:00,53.33662105286948,73.55902261629294,202.90113674041976,0.520555776860276
2016-01-01 15:00:00,53.686733088729014,70.45431606766104,197.7243877349379,1.4438812532392196
2016-01-01 07:20:00,53.840654489393074,69.94321903001119,287.47919521027103,2.145521197768241
2016-01-01 06:41:00,44.00624977046227,68.04979128790929,208.8410436069699,2.569760357198647
2016-01-01 15:24:00,61.950466289248425,91.1112400462496,204.58762422241864,1.7373404796838323
2016-01-01 00:07:00,57.67434729152909,69.52757702522955,159.14556844659046,0.4526960110616345
2016-01-01 05:00:00,41.710049890779274,49.978643195354266,252.5973808861459,2.338552876285914
2016-01-01 14:52:00,60.666746895891535,53.45421164210147,238.41036083158687,1.200059493298066
2016-01-01 04:32:00,61.63163752154959,43.61530852991132,166.2145960419194,2.881407528923571
2016-01-01 04:42:00,65.86016816145352,70.62163015032885,259.7054701523686,0.0
2016-01-01 08:27:00,41.36009230320184,74.32957812855766,262.23397903683934,1.9389960281446164
2016-01-01 14:32:00,36.20680771985473,55.379485737213884,95.64864906989656,0.9026316810289334
2016-01-01 04:37:00,43.99783122841205,65.89976759091557,142.5602982420672,2.1342964972477927
2016-01-01 02:28:00,55.21941565616898,83.91757594837458,194.83726199254764,1.8893346314426704
2016-01-01 08:59:00,44.23108130476851,16.916066800775262,202.74670554999244,1.8396399189551693
2016-01-01 16:09:00,35.69224897881952,77.00655145300597,213.50286791957112,3.290644460922547
2016-01-01 07:15:00,50.74094780419775,64.2386992573245,181.52365355833206,2.889037122279892
2016-01-01 10:57:00,49.758749128899964,79.7639630341194,244.51237504182544,0.0
2016-01-01 13:41:00,64.0934744018558,61.15277824438152,242.25789855921607,2.269294752580734
2016-01-01 12:43:00,,35.97051282154247,,2.8232799156777055
2016-01-01 02:04:00,55.868570938002705,84.50147298451644,201.12329464060232,1.8606027993367658
2016-01-01 05:47:00,35.92536225623445,74.01479866858911,156.86121179784396,3.5905820726178503
2016-01-01 15:35:00,44.97945775647389,37.4554450740727,273.6335337875491,2.3883120054234497
2016-01-01 03:09:00,34.851527753141355,45.47483317704547,229.42766348853598,3.829620201716087
2016-01-01 05:19:00,48.698569456323156,57.19543045521831,144.99228835141525,4.320040722017259
2016-01-01 03:11:00,58.56398794323472,39.989617576226934,223.10863330409714,2.712322159580162
2016-01-01 09:37:00,,77.47109031685757,,1.361717273471506
2016-01-01 15:20:00,60.73631749859772,30.310502844363185,164.05838061956348,3.8555033147942632
2016-01-01 00:32:00,49.86502775262066,65.98834683907918,223.81788846781097,2.4535087125544672
2016-01-01 04:29:00,51.30740577286091,78.54139762815656,195.9238663449177,2.6464895377257704
2016-01-01 12:23:00,,77.42817453912286,,2.1680598059668204
2016-01-01 01:55:00,53.015473423336125,65.47441503699338,174.33932167642075,2.251473608940512
2016-01-01 00:18:00,40.91975924478789,55.1947903770852,231.77090151046133,1.5488411415910013
2016-01-01 08:46:00,33.72457562116837,88.26879458901914,221.00472452259206,1.802062271015318
2016-01-01 03:07:00,49.271710873431275,56.63050275004463,186.66738353827927,2.8936976893891106
2016-01-01 11:49:00,66.96456368290038,45.38206042994038,278.1706679416054,2.0394470482407394
2016-01-01 13:16:00,49.60444846143345,55.214190965000725,228.65639066206,1.8356647941146087
2016-01-01 12:38:00,41.41642219818787,84.18417386982968,143.4692332531237,2.277358461964676
2016-01-01 13:48:00,45.798131829041424,58.521178015736076,247.57246385290432,3.1818910929599618
2016-01-01 05:43:00,44.9305682462887,77.85969412179512,173.698257866621,3.23000057271915
2016-01-01 00:10:00,45.365823071875376,79.76091098451488,119.62200678155129,1.9063638112608292
2016-01-01 13:43:00,,50.249961287648105,,2.182501030599213
2016-01-01 06:20:00,41.602781578192236,70.16888807008904,151.81205368946945,4.165056067806603
2016-01-01 07:18:00,32.96617560644845,67.36462427457377,178.16178813808912,0.7116923825364623
2016-01-01 15:49:00,,59.229094146172706,,0.7209692637802136
2016-01-01 15:04:00,51.910990680199035,58.39046783993657,124.14131516641605,3.6147787907098516
2016-01-01 01:10:00,53.61395605508414,59.29619131681224,248.26987422955852,0.7306695034533008
2016-01-01 00:36:00,52.08863595004755,41.61351505496488,219.62079835893834,1.657450799142235
2016-01-01 05:54:00,49.80983792097311,51.35234398909921,260.59719926932,1.4061885919312949
2016-01-01 01:49:00,49.25554084233833,88.71047030800179,230.15937155411714,0.13018366046783592
2016-01-01 02:07:00,44.33702270397228,48.68586224970963,255.7160847334436,3.3183023248526693
2016-01-01 15:36:00,39.787671828692865,63.8060949224186,169.80096870153852,3.2495049007061585
2016-01-01 00:03:00,169.18045201775791,50.295948334416394,184.60192351804798,173.72265899222617
2016-01-01 02:52:00,49.228982905858956,61.56301655927814,184.0076238372578,0.682868080053415
2016-01-01 06:50:00,57.1161487808889,79.92291212773587,240.93888218774305,1.3250659812094479
2016-01-01 15:55:00,61.172958315881274,80.61657139756227,287.3681598957779,1.388614752611372
2016-01-01 12:55:00,34.297752801095434,40.19966233168941,185.75622533151645,2.4715423804182057
2016-01-01 03:42:00,56.86260190374514,69.50665321398148,237.20959857499685,3.3705361439967136
2016-01-01 07:44:00,48.8767195030917,51.29214825292916,243.45780321946364,2.175286778933924
2016-01-01 04:23:00,39.756123586657104,46.1898961038095,146.44731601754756,3.172756845267445
2016-01-01 08:36:00,55.009171876243805,82.70174614863197,204.2946503146665,1.2044429320591177
2016-01-01 03:47:00,39.22255222070694,57.79496997557267,169.97882171306475,3.249618905296667
2016-01-01 07:19:00,49.44452301103381,71.02316679074727,119.67114496306604,2.2927154821418534
2016-01-01 02:33:00,52.322536971610035,40.153653098887524,211.5350452859342,1.6251779433781939
2016-01-01 10:45:00,47.27276430252329,66.42460645811472,160.76190459361482,0.8859535498380067
2016-01-01 09:41:00,45.847120860991986,77.22956024143073,219.45795978339643,3.331339061988403
2016-01-01 15:07:00,57.46253566027221,43.09848796635292,143.4965330479821,0.5931849905024618
2016-01-01 08:45:00,31.95117899335481,76.33122929556279,224.13439436046065,0.8261200355910274
2016-01-01 01:23:00,44.81729781726352,91.15121975341262,85.1909523431381,0.8828135382929976
2016-01-01 05:49:00,47.86552848288153,56.62851897160975,180.3993680040435,1.8630045105575417
2016-01-01 03:15:00,53.85317379728837,66.60712106940599,166.90089111016954,0.11998996609223633
2016-01-01 12:59:00,56.206720975506784,49.61368530189216,223.9720759043032,1.913930307209107
2016-01-01 01:28:00,44.70239796232961,56.11436781268945,177.33757954884933,0.048898135961375155
2016-01-01 15:39:00,44.359213692632714,61.46974730206343,180.37644469695636,1.2274312512437593
2016-01-01 12:21:00,37.204230332642986,57.46767415214984,223.1644265059053,2.5212799050138144
2016-01-01 05:25:00,37.85811387212268,30.368001504691932,233.43708277962563,2.475167746495382
2016-01-01 15:33:00,28.011940433799182,58.410774685437964,247.76502791188764,2.760846654311478
2016-01-01 10:47:00,49.45705133482188,74.78594993519795,129.7216490410679,2.2127397758576604
2016-01-01 10:07:00,37.55345296688583,84.3701768770434,89.72169714504655,3.081984809249942
2016-01-01 13:35:00,35.14439626963028,46.63211661877069,240.70758810591332,0.2068935474654232
2016-01-01 00:19:00,35.87696298664709,66.36248919602875,138.03708025732638,2.5517407999109203
2016-01-01 03:57:00,51.86454314769428,51.69617637438008,152.30302903016775,0.7450773319977075
2016-01-01 16:15:00,31.104592690544692,54.17222320366671,205.28768956357402,2.1915773961940896
2016-01-01 04:17:00,42.92330534381219,66.28528514049067,178.96191031594734,1.287779236350949
2016-01-01 08:43:00,55.70598668593159,45.6084114491478,184.3235156913801,3.629166364900945
2016-01-01 12:28:00,43.884821970080516,62.843724248981154,219.316165890578,3.4288577078135676
2016-01-01 04:40:00,51.13517345251248,62.00311357173423,113.70966356047016,1.138296929743742
2016-01-01 00:08:00,45.30525614065048,75.74329072979003,232.96228342162027,3.082691053887073
2016-01-01 08:04:00,42.436492547156966,63.37027088627829,172.522143204571,0.9894017800710866
2026-01-01 00:00:00,53.072995208766095,55.64588183717023,270.0799296473215,1.054493120057269
2016-01-01 11:38:00,59.24027019206901,67.70861774488372,231.10349951530245,2.933128072341069
2016-01-01 07:47:00,57.57507710047305,65.92007294734472,201.89689177238012,2.131927966771957
2016-01-01 11:14:00,35.924883052821784,84.23063534204162,149.57226579618958,1.9353113949674816
2016-01-01 14:56:00,48.328819196831454,56.11805905999346,95.79435302507058,3.3934545275244314
2016-01-01 01:24:00,41.91506397106812,65.7290317834733,172.47315752542082,1.8141542478072528
2016-01-01 09:05:00,42.03104744529523,67.03161384112536,221.64799126803481,2.3131321400131553
2016-01-01 07:27:00,40.60120213672645,68.7954602813264,188.2796099841839,1.1950335191474393
2016-01-01 06:55:00,42.51513463443446,73.91760192121856,213.5747655412824,1.85297457656915
2016-01-01 09:39:00,61.43754043206929,47.84621344478428,287.9310242097567,0.933765068100775
2016-01-01 15:54:00,49.178488216074314,51.065080589347616,152.55417395875813,1.419351697446049
2016-01-01 00:20:00,64.65648768921554,67.8425323205325,202.9966315133164,3.2002617497388295
2016-01-01 07:36:00,48.929696400454425,71.30012431656799,170.99733793149784,3.088769654216672
2016-01-01 06:47:00,,82.5200047793323,,2.1261779036619672
2016-01-01 08:00:00,48.72082408519233,70.83572036741657,169.70695896205532,1.6978194130173785
2016-01-01 14:12:00,43.62612872693482,42.095447523652794,144.756860346874,3.296063061781396
2016-01-01 10:53:00,38.934740912583294,54.702505607839676,251.52902928120287,1.1743463171978579
2016-01-01 12:03:00,57.43264094022715,69.23051226019581,274.08317012312995,0.2136245346453134
2016-01-01 01:45:00,54.040508568145384,44.401411093117034,282.1336476627982,2.361417317273103
2016-01-01 08:56:00,41.39586634716048,67.70400159854574,248.79083596723547,2.6789469877622327
2016-01-01 15:13:00,65.77453279763475,67.51266712416685,237.89609249618098,1.1550585614065036
2016-01-01 14:49:00,61.087035805829075,59.78321593682581,219.1494492370464,2.8496119885162132
2016-01-01 00:41:00,51.7136828118997,53.1167360569659,179.5358780943448,2.1569729609684343
2016-01-01 08:19:00,36.172002690356635,68.88790423801774,217.00256472844453,1.6433268658201288
2016-01-01 01:01:00,48.14341023336183,17.27186069054887,193.13141058003018,1.6671395956174888
2016-01-01 01:21:00,53.57112571511746,54.76113443522357,230.06033744645575,2.140359869848047
2016-01-01 01:26:00,59.15402117702074,75.45425181047763,174.59299011763446,1.9434115111001042
2016-01-01 03:37:00,47.63181393259991,64.18491243335703,196.69336926870886,1.4755518637373481
2016-01-01 16:03:00,57.09003757588512,69.67823378925085,147.17211786198737,2.7688396759688967
2016-01-01 14:23:00,67.95877673095522,33.772020401427284,234.0679755221474,1.7843904214319777
2016-01-01 16:31:00,29.582651315757094,71.31436994720362,230.10591601962417,1.5287362592974802
2016-01-01 08:47:00,50.48084946661382,83.14865292408284,230.34252966078355,4.067906338163552
2016-01-01 03:19:00,38.57029702169377,80.46210644960766,224.3936142435537,2.437313187038961
2016-01-01 04:48:00,52.809918677350325,43.449500907391894,170.12449026541793,1.3722660939154943
2016-01-01 02:40:00,40.253183297726785,22.508914276896405,144.4271021531484,1.3934966117842604
2016-01-01 12:02:00,36.518145778942866,71.08215721331254,147.05462064716997,0.3619709425639832
2016-01-01 08:31:00,,57.095108110804226,,1.1232262187881552
2016-01-01 00:38:00,36.71813951101569,63.36677727839958,198.72128439040029,1.0372674347153876
2016-01-01 16:01:00,63.29152530132431,64.28331112286486,169.570513838015,3.8904406851557827
2016-01-01 03:16:00,41.16142563798867,59.70543301609978,221.29436030965178,2.7127120288613313
2016-01-01 02:00:00,57.910319470430466,76.58288899436975,320.6307710806458,1.516438516153463
2016-01-01 02:11:00,50.68562974806027,66.32881131352927,200.98083288469948,1.9624293550205187
2016-01-01 07:42:00,43.00274492007414,56.86465114070962,224.11244763403286,2.1566937282465246
2016-01-01 07:35:00,42.07127167737656,33.58855861266274,274.36230776679633,4.052972024501663
2016-01-01 01:52:00,,73.05101596033131,,1.6991402528591737
2016-01-01 01:36:00,52.96120277064576,61.17952785474136,233.5240308620606,3.0417246640588513
2016-01-01 05:08:00,55.470973811700375,76.28843348747367,226.7252824240275,3.761188124867374
2016-01-01 05:11:00,60.9877685198719,72.26649448800431,289.7605677956161,2.449473912832307
2016-01-01 04:45:00,30.479122004774982,40.03150569663333,223.1030446625948,3.5034198284289992
2016-01-01 12:20:00,31.591257686683548,58.433261721937924,220.74327501809552,1.2853193230095683
2016-01-01 07:49:00,44.2418175935532,66.66904002330212,189.53430902103193,1.781346722564964
2016-01-01 15:46:00,34.74474829075261,65.6565059085328,204.26047248169505,2.5376299029498797
2016-01-01 10:20:00,42.09525544554688,61.69905615806647,235.22532699123616,0.6271405485189361
2016-01-01 01:59:00,57.519330326867745,75.75981594011418,190.44861186999154,3.6554071130882955
2016-01-01 04:07:00,43.46670767426288,48.450401534120374,133.48431871305053,1.2668438028900035
2016-01-01 10:32:00,48.419921014210104,50.346752515238066,209.8646132815603,1.7640300127890285
2016-01-01 06:51:00,38.75357908162131,68.3434501410099,276.89659592062765,1.5969240109349692
2016-01-01 13:47:00,174.12465302638316,81.16398569619405,196.89979953169842,168.59183922832096
2016-01-01 14:41:00,44.69131227079679,84.23374235322348,93.9649923682467,2.175536229578598
2016-01-01 10:09:00,64.96044311489183,56.21469746810568,263.7437520639361,1.5847862320947286
2016-01-01 14:22:00,65.47505201330061,71.9023308082832,144.88539250817882,1.9929550145194452
2016-01-01 09:12:00,61.67782061659807,46.830261198651584,293.5482587685891,2.34670997760492
2016-01-01 12:45:00,42.96823574874112,47.35130107025712,241.0172006306228,2.0176132519336574
2016-01-01 11:32:00,39.189366724001026,73.06945946185866,198.03463561861844,3.218194711754256
2016-01-01 09:23:00,46.73976467832159,73.26068094541574,212.76918778371586,3.194592220513731
2016-01-01 12:33:00,60.536417966078396,32.54050654715314,192.45811442166524,1.5517753836998507
2016-01-01 13:34:00,60.31844539468635,55.97204028141252,291.6278521739601,0.7355015930450344
2016-01-01 00:30:00,43.98293387770603,56.139351938649824,240.35612983186553,0.0
2016-01-01 11:17:00,67.52270443423623,82.81974077883677,121.75986143189725,1.84975701120174
2016-01-01 14:16:00,41.67644426895771,80.88697950096493,164.1040554626199,0.6042107978075149
2016-01-01 10:11:00,49.44415329089545,36.552137869550144,143.11571647875917,2.1113726018400523
2016-01-01 07:02:00,47.51035851520926,54.52570905685672,188.5304627965986,2.4258436586298293
2016-01-01 05:06:00,62.77664895788425,60.42271736053692,230.33615295680914,2.532006198821943
2016-01-01 00:54:00,60.30999522495951,51.7454226923187,132.70645382633927,3.7349365758368087
2016-01-01 06:35:00,45.30824347895295,62.77020458797362,127.51773901507349,0.614012057601002
2016-01-01 08:16:00,39.62753845673544,90.92255364954596,186.05185348340956,2.8155010224442627
2016-01-01 05:32:00,50.75804558193726,56.79835693604688,124.10631266595954,3.589838978180684
2016-01-01 02:23:00,51.84633858532304,61.88364680207313,212.197659895425,1.3971793442160383
2016-01-01 00:43:00,46.98896304410711,59.422372957489394,207.6177436016861,2.224216404290793
2016-01-01 02:21:00,63.07142754282428,80.6356021996743,202.5443850928009,0.0
2016-01-01 16:16:00,45.47693680750923,76.86169079979021,263.1853338827334,2.506240989305926
2016-01-01 12:06:00,50.184339330653934,51.96054832328928,250.5731517704178,2.496873590507597
2016-01-01 08:21:00,69.0941664047013,51.732214255071995,248.40923302664305,1.372686554048697
2016-01-01 12:44:00,61.49273326285676,56.30906267805077,212.65826190189907,2.2257615231117542
2016-01-01 11:55:00,61.03301882016521,58.64200076543759,94.9986746174188,1.8418461556276797
2016-01-01 07:30:00,49.37320902726828,64.63249518898445,154.19040422593787,1.5223544173959949
2016-01-01 09:00:00,58.35692112065142,59.58727642424046,164.52100726254136,2.3308513046155777
2016-01-01 04:26:00,66.32411303931636,58.33160907976949,111.07062079967416,1.121676922820261
2016-01-01 04:53:00,159.7420245827682,72.57736161677462,159.5867139179537,189.02355691900775
2016-01-01 03:46:00,50.64280019095463,60.657172079686646,270.9801502256819,1.1531490338746355
2016-01-01 12:54:00,56.21809962217196,48.86294121452927,175.44231264289476,0.2289314469119088
2016-01-01 00:40:00,57.38466579995411,85.25891537186803,165.2643434455471,2.6102161695892225
2016-01-01 14:54:00,63.82158991037527,58.67455561191997,225.41343198372948,1.606947242938599
2016-01-01 03:32:00,59.54001763493203,49.22389101646204,244.11665311617045,3.6672241115511373
2016-01-01 10:44:00,47.54256935914056,44.0640970777968,145.5183481328806,1.1889991363711552
2016-01-01 03:48:00,42.84696290740032,74.45818675192365,106.6730024319692,2.7793490039053323
2016-01-01 04:36:00,51.9905969557347,94.7899430997254,233.96866414782517,3.1701987091966037
2016-01-01 07:31:00,59.551423205012384,85.53322416952857,158.40888958847776,0.7448646280266051
2016-01-01 03:52:00,,58.67576927473118,,0.9291475813155612
2016-01-01 07:50:00,47.24948302848356,77.94947229968477,253.6489023883006,1.9086004424908856
2016-01-01 06:26:00,53.41755975777159,79.52611934098198,188.47996428971163,1.1837827554580351
2016-01-01 02:55:00,58.27183249036024,55.78987384699839,304.47693608473867,1.247564762646965
2016-01-01 10:16:00,51.09394794604893,64.48129362548529,163.29131006107522,1.0141961913321733
2016-01-01 04:00:00,42.07479261567299,54.313083885187694,205.29472265576172,2.0124993219072502
2016-01-01 06:27:00,68.76170839215887,83.42266795090279,153.7883427865848,2.0781430629696476
2016-01-01 11:44:00,34.433708264760966,66.14727985392769,212.46542978208643,1.8596249410946635
2016-01-01 01:39:00,47.65412866624853,65.19732713846989,240.89448290125142,2.579857285295132
2016-01-01 14:39:00,61.88393273448084,47.911949002557165,190.63354907968127,1.8037193486120633
2016-01-01 15:30:00,44.44800473306802,41.55675608321375,243.45772962484483,2.6715311717290535
2016-01-01 04:44:00,71.33033374656267,48.21015809238076,176.7797868845306,0.4385067775581406
2016-01-01 07:46:00,56.14166700043425,85.0485675652711,161.83569479107092,1.5881766310363428
2016-01-01 14:36:00,44.823887009638284,51.567479601325466,153.1746812605202,2.9500158286696454
2016-01-01 08:32:00,47.6105195313359,49.247665190957925,227.44419176586823,3.7120402840178928
2016-01-01 08:11:00,,98.37298928502378,,1.7865432206495617
2016-01-01 13:57:00,40.016459592612094,61.62839558664785,281.29794576810315,2.379767636040896
2016-01-01 07:58:00,80.78880808455239,46.6876173329685,133.06971001383755,3.1535903433169254
2016-01-01 03:05:00,57.14000494092092,74.11156781982324,276.6716850648163,3.3305749040390404
2016-01-01 08:20:00,59.26177547531641,71.67541614249957,228.53064986097655,3.1806409124521444
2016-01-01 04:50:00,47.918777496427246,65.82867906796446,286.94498318987894,3.4185313451480366
2016-01-01 02:08:00,50.99651365087641,59.03792480110511,235.76906577206222,2.0726805243293414
2016-01-01 11:00:00,44.26337993119763,79.75672601009798,141.22026971875744,1.6399607312430173
2016-01-01 03:03:00,54.824724152431855,36.442490945652345,268.6424237338265,1.6692107756724426
2016-01-01 09:45:00,52.48220586300336,70.39658410894717,168.71613562518937,0.7064923747959042
2016-01-01 10:19:00,52.23884024279131,77.22668563795132,272.7911161073383,2.8946471875738724
2016-01-01 15:43:00,49.00824136220617,54.85211586753884,190.47484470010943,0.0
2016-01-01 04:19:00,57.74634053429337,59.16346383513441,209.94740733982474,3.4363354057059787
2016-01-01 00:50:00,53.24083969394795,50.61655947735706,241.25491323338173,0.628326302769534
2016-01-01 10:27:00,48.74213079900352,79.2152454260267,234.8951636269514,2.7640297815728596
2016-01-01 00:27:00,53.75698018345672,61.80046990077392,261.9473176469719,2.4492187212850345
2016-01-01 08:25:00,45.12874616235304,53.201579260090874,158.72947350105224,0.6275344521158992
2016-01-01 01:07:00,179.62467395882027,77.41240181067779,193.2860418906848,156.531719077868
2016-01-01 03:51:00,52.16458589581975,39.45295530631383,239.53127995813844,0.0
2016-01-01 04:59:00,56.29628841923612,64.8254670929402,124.8459849120091,3.137314542364729
2016-01-01 12:11:00,40.21627222384968,54.760248058227035,284.25071393542544,1.1718037270347654
2016-01-01 01:06:00,49.27989878419666,40.57977786418641,78.05914208617854,3.7549330716472413
2016-01-01 02:50:00,41.10485570374477,71.38392884680148,249.3667258294551,1.0542539393032189
2016-01-01 05:37:00,,55.462954702678076,,1.8510306902327032
2016-01-01 00:51:00,46.149177195836835,65.93705300156114,156.64348921445497,1.2905589975724534
2016-01-01 16:30:00,52.08382807947552,72.00614287841523,275.8197027626786,0.31081696203273834
2016-01-01 14:34:00,49.66873027126203,79.65463119179412,198.44705335645492,1.2606285925409637
2016-01-01 13:37:00,58.89630795623437,49.212700211363696,218.436657365876,1.876271053725164
2016-01-01 09:16:00,45.123937759275066,73.70376939349875,68.21261304915612,2.6405429350747736
2016-01-01 05:10:00,47.8231879677278,59.624595618822845,183.96661872214042,0.8181258745791988
2016-01-01 01:29:00,55.13267433113356,57.05475226372533,272.62337672353726,2.14358793650516
2016-01-01 15:05:00,50.46436548156149,66.71575388715416,237.52895837608827,1.6779718455079415
2016-01-01 03:02:00,39.29107501938888,73.7747490900347,190.98041591187962,0.8963301714696308
2016-01-01 03:35:00,57.589692204932675,78.716131090106,213.29391148260243,3.78179890877106
2016-01-01 02:43:00,41.7931768164829,35.31901879564663,257.0074519260633,1.3053996308368554
2016-01-01 00:58:00,53.31263431403564,68.15400231891648,213.12806645009624,0.7978504739239112
2016-01-01 03:54:00,71.43944089325325,47.944881480454036,139.44140353596094,0.7195444289975332
2016-01-01 15:23:00,42.99879185060827,63.588702961667245,196.7905911445751,0.3884326408971721
2016-01-01 16:00:00,56.42722759867544,59.1765899907557,158.77429192361632,1.268368261091472
2016-01-01 10:06:00,42.26210800896427,61.84005473992193,169.76276677308937,1.2201470537783612
2016-01-01 13:15:00,60.53152853332904,48.72046002391771,157.57856829045926,1.6743889478514964
2016-01-01 11:08:00,23.490301916069882,72.60930039756829,227.61499688397618,1.8578534630594539
2016-01-01 02:13:00,54.73592430635182,66.8030145227097,229.59070668706892,3.494938227453236
2016-01-01 07:53:00,63.66874267444525,60.22032292093795,130.94776984231126,0.9393949336033991
2016-01-01 02:02:00,64.02794310936099,69.58095333043777,199.03698101328027,2.4912076654119963
2016-01-01 13:03:00,56.10585745283823,71.40083945534404,147.89777938784485,0.82776624656336
2016-01-01 10:18:00,54.810092317367136,53.60463605691685,222.86402023076207,3.1947628618769377
2016-01-01 12:50:00,57.07751935455475,60.654036695586804,189.707028455983,3.001824853681937
2016-01-01 15:45:00,39.29915233673847,54.45584495934549,142.61543050921665,2.9134737320174064
2016-01-01 08:13:00,41.38715798671736,62.768269547955555,272.1816001734407,1.464683287432341
2016-01-01 02:05:00,71.90455625809979,42.804819104719684,227.3559557587605,2.7396531517246716
2016-01-01 06:30:00,41.01585328651642,66.89958214408675,107.6906068880953,0.4230035178090028
2016-01-01 06:23:00,44.74244978319239,50.914276154949924,197.56738242147745,3.026986263319732
2026-01-01 00:00:00,33.39039066484008,80.10675669034717,209.07133100569857,3.3032780373160637
2016-01-01 08:42:00,,56.60273851725252,,1.034335196476792
2016-01-01 12:30:00,40.76766753889096,19.451515605011444,287.7737849157745,1.4140723266822448
2016-01-01 07:41:00,,41.635526455659516,,3.8972886947731116
2016-01-01 12:42:00,75.60084538268795,61.13150458352389,244.76777153812998,1.1869856277398703
2016-01-01 15:51:00,53.520553965142966,78.92882251070988,238.87036763822556,1.1657181899653752
2016-01-01 04:01:00,48.85263558533101,56.946294598464576,229.22064902362422,4.868403055666768
2016-01-01 15:52:00,155.85322064909315,46.414015487060716,223.33354909830405,170.5408197783714
2016-01-01 09:58:00,45.55706739923888,60.31190561513112,260.00394782134305,2.336144963026229
2016-01-01 12:49:00,68.12448557996929,68.27228064060701,190.17667082859515,1.447079162632698
2016-01-01 10:15:00,51.292211819752275,107.8966135176729,233.41702443590404,2.73463754545933
2016-01-01 09:25:00,45.91924626978449,55.780086643226795,179.59495804198897,2.0516609768510796
2016-01-01 00:06:00,65.79212815507391,73.42789830041599,200.06027376811122,2.486036289417637
2016-01-01 04:34:00,40.18491348952049,78.19646549968775,145.63770305685986,1.083725899436275
2016-01-01 10:52:00,47.31111309445169,62.91576452366004,225.53960442637973,2.4447738078315946
2016-01-01 11:09:00,60.91506851922462,68.20100352302069,231.28154668230005,2.33868731792169
2016-01-01 03:14:00,51.73180925851182,36.105093997024966,209.48530838051977,0.4649597524676403
2016-01-01 16:02:00,51.9652116970147,67.81683642569007,173.55111459679924,2.0493083315202227
2016-01-01 14:40:00,75.26932425873622,74.47277449646187,88.0884383337514,2.3017000089017357
2016-01-01 14:25:00,,35.062620179464886,,1.2715383783196572
2016-01-01 15:01:00,46.06661187672639,54.99270765365985,178.7881833300978,1.86993970644638
2016-01-01 10:37:00,50.73317967188404,66.35398598390192,247.06552903837417,2.3700611152689555
2016-01-01 14:09:00,44.690030449981826,66.40791542807527,173.04386484255107,0.566848185475288
2016-01-01 01:11:00,65.38036566465969,67.15561240834683,261.8065360903109,3.702514658129606
2016-01-01 06:03:00,54.01711722098941,45.40396588677667,255.63441874949626,0.6445524968877108
2016-01-01 10:17:00,57.25766623898692,48.72313424857224,204.099777820678,1.7158449020712028
2016-01-01 13:27:00,45.212513783365225,67.63087534844901,158.34719714996206,0.03149578656194629
2016-01-01 06:18:00,71.89802933217672,50.91576690394704,179.3267419438362,2.5059655534558654
2016-01-01 07:43:00,52.13979910734222,47.2421931868605,138.1168788836351,3.0235306441853447
2016-01-01 16:35:00,47.18899707114045,76.05225357474642,203.87402592594313,2.028457581183159
2016-01-01 16:33:00,43.180157520022014,70.62455770801596,189.3895515049424,2.75109945450731
2016-01-01 13:58:00,59.843223984765835,59.50155014033309,310.9390116724067,1.0319542414897547
2016-01-01 10:48:00,47.69065469791322,77.81079077347127,200.78091669748017,2.7828737349485726
2016-01-01 09:56:00,47.30125064706629,69.28731391507796,169.66498526173515,1.0266211619729653
2016-01-01 02:45:00,54.12780926936498,96.59628609508908,149.24529040860656,0.24817119324828085
2016-01-01 11:19:00,62.71555094994159,53.52569530922928,186.82758919588755,1.916282040150788
2016-01-01 05:21:00,55.95157025436914,67.94539131535096,238.9468251756057,1.0959317102639998
2016-01-01 07:00:00,70.60747924881987,68.07444118574449,252.3658853310724,1.3926455667877886
2016-01-01 07:06:00,40.35076539419896,90.84310694910484,228.6028720857072,2.2525688459966235
2016-01-01 07:07:00,56.86051459998439,43.451874514174754,196.89044915003444,3.3845320475939062
2016-01-01 13:39:00,60.654803750653514,45.19230709273224,103.6163710327195,0.8159694417774406
2016-01-01 15:16:00,56.078965097165394,48.183243721376414,191.22180272503923,1.9125646712228188
2016-01-01 15:27:00,53.772118750645205,55.70993667179834,210.73565915852632,2.462483624066854
2016-01-01 01:02:00,38.93665025993972,77.23148550558156,219.52324249644448,1.9066131411000518
2016-01-01 09:29:00,46.48486515958692,52.06420983980558,188.26897150212932,2.9040175547613143
2016-01-01 06:14:00,,82.06755491240412,,0.31734130587731424
2016-01-01 11:01:00,44.53141058759608,58.22897209513382,155.24650788616975,1.271922902144679
2016-01-01 11:05:00,51.064302276918966,59.656979065516765,131.6431096769877,0.7421318440911122
2016-01-01 11:24:00,37.778721911080545,42.31440313260296,216.75290145420587,2.6030946849488337
2016-01-01 01:20:00,47.80328112162488,54.77021798388211,200.02639794282987,3.2005316584738726
2016-01-01 02:01:00,40.906125452052606,77.8054545834057,239.2302143949012,1.3878330828451793
2016-01-01 02:26:00,37.63049289121918,43.55587369657197,119.95480107617422,1.292374105177974
2016-01-01 12:08:00,44.60240319690639,65.50930970102011,162.8757883730808,0.8003024716346918
2016-01-01 05:35:00,48.52942618497861,54.94371043322941,228.76025080532833,0.6578722515148849
2016-01-01 10:43:00,34.96857046881894,66.78557694374601,167.39555557034697,1.964992389993764
2016-01-01 09:06:00,55.7707212718054,45.02421841217563,131.11912496228814,2.687065795858916
2016-01-01 15:29:00,49.34249738927012,89.37521181330891,249.27248428076092,2.1722543864110375
2016-01-01 09:08:00,53.71145873371309,71.49120417577035,251.06916477146993,0.8884197504864488
2016-01-01 01:54:00,48.076390352188774,62.256283577153646,237.0412172710063,2.388978729352184
2016-01-01 16:12:00,58.406435489887244,69.83851164794642,131.5842480583595,2.3475616138035518
2016-01-01 01:56:00,49.65288230294757,96.05123377857413,188.57000423299908,1.8057308680214808
2016-01-01 06:45:00,,48.64807367145809,,0.0
2016-01-01 08:05:00,35.77746290402326,73.98886247809635,242.9793943489901,1.4847816061917571
2016-01-01 12:35:00,76.32382064837391,80.60487817744436,177.41702619201885,0.031076857583916873
2016-01-01 05:30:00,,82.96126248515546,,2.9137716213855858
2016-01-01 08:12:00,50.77368307647618,51.53628602013917,175.3438588800114,2.4961991873633163
2016-01-01 00:16:00,39.87168879665576,50.22872994578327,186.77425793446946,0.4806539245231576
2016-01-01 13:54:00,49.65315112613219,50.81343938039343,187.8308010312491,1.0298757396203564
2016-01-01 10:30:00,33.07535370285181,67.27099225941713,214.8287772570381,2.5964411375817527
2016-01-01 04:51:00,,97.39499276149186,,0.0
2016-01-01 01:51:00,49.73486124550783,63.26149309769584,191.8603546963853,1.7168611032562329
2016-01-01 11:54:00,49.62365297575152,51.97007721069116,218.3824646495711,3.012637409644072
2016-01-01 11:10:00,62.46085192497629,56.416018512454585,165.16140907852125,3.0294574815983575
2016-01-01 07:52:00,34.84808937801448,57.989742499906235,160.70069836825087,2.052258490497483
2016-01-01 10:46:00,23.031133570584284,57.192836024931765,181.47459507049854,2.258661147855388
2016-01-01 15:11:00,52.19150327663939,93.46950219288948,217.922680910481,2.218534042410946
2016-01-01 07:37:00,39.64757677580626,65.71737577324167,211.97022502676884,1.623699275075004
2016-01-01 05:40:00,41.77779604433569,62.40860971574797,234.94142101012673,2.7060789138151318
2016-01-01 09:17:00,45.67441812180379,47.95231573979483,200.16877532985805,2.123078201656181
2016-01-01 03:00:00,56.25667347765006,62.698412267302174,190.49804824992526,2.978422112028035
2016-01-01 12:18:00,66.65474444462576,74.25461387960364,277.70802103573874,1.629417237599217
2016-01-01 03:56:00,29.74857413342393,85.1655122111466,200.7136533918217,3.0074439731951985
2016-01-01 02:39:00,,55.12752924737066,,2.31318447386498
2016-01-01 00:31:00,68.52278184508938,34.97123889183616,151.32269001477658,1.3417515876661517
2016-01-01 06:54:00,53.323140119795916,50.347226544297854,250.88307334217512,1.449884717063461
2016-01-01 00:11:00,,62.96399407038599,,3.32579664754219
2016-01-01 03:38:00,45.14636452170897,47.46979420110364,304.98608945832575,1.2646965393180478
2016-01-01 15:17:00,51.86609123156358,50.68728602623326,233.43274023789533,2.548319627554499
2016-01-01 11:37:00,37.488864236146966,49.83382544212723,134.3890403284297,2.3326075103241974
2016-01-01 01:00:00,174.56652159560656,71.57548065972517,242.54489810839863,160.05876161444397
2016-01-01 14:43:00,60.44160877069072,51.11303611270659,222.8843293026776,1.1096821519801283
2016-01-01 03:33:00,56.51391251305798,73.42386565416662,177.39548335834598,3.523238621712258
2016-01-01 08:58:00,60.0629280921444,42.451247464345684,137.71413117768077,1.9509706591619633
2016-01-01 13:00:00,51.777010009332535,38.90523804492249,243.72585370662614,1.849679539728128
2016-01-01 14:14:00,64.20504247989855,75.00873477064468,260.8979576152779,1.6344940630147342
2016-01-01 07:55:00,47.50963960443622,69.72420650765788,236.07812525630717,0.7154157343000307
2016-01-01 13:40:00,44.82711549899628,58.031145493615426,186.05583029246216,1.6001009378688629
2016-01-01 06:21:00,44.00607354555978,52.68132887781446,152.14245425524786,3.1905485943435963
2016-01-01 03:23:00,60.53802052034903,68.14947043554582,135.3363521064418,3.278865813313393
2016-01-01 14:24:00,43.87211309515614,79.56510364317229,220.43036538508838,1.6281421177213344
2016-01-01 11:52:00,44.550809131910505,27.409956809789456,224.99320618701856,2.2810092502818065
2016-01-01 12:57:00,47.52481364448495,59.44444804427382,187.92512770646107,0.7715561687342374
2016-01-01 01:27:00,53.287511096596845,63.581837385397705,192.61098405912642,3.218970789793663
2016-01-01 14:53:00,61.692955904456724,58.35585294111254,210.7698252728144,0.09199786287669243
2016-01-01 12:17:00,59.82690983945514,43.9829561763121,217.11689172448106,1.8406377678540935
2016-01-01 10:05:00,68.76795812558066,45.70007087611931,190.77373211720752,1.2091006183324469
2016-01-01 01:19:00,30.124310853991073,72.7533261317024,177.49053675742942,1.7514713819255507
2016-01-01 06:13:00,59.59270826085207,35.79657903184888,225.08913680837725,3.8071966436378855
2016-01-01 11:43:00,35.91538703636441,76.64549762934334,251.18547730534908,1.16307929620372
2016-01-01 10:36:00,58.231705839619146,45.673161309759706,209.5317795632512,1.6608777207299612
2016-01-01 03:49:00,56.79597748934676,93.15784502387027,250.3756844918461,1.9609804806224558
2016-01-01 02:27:00,36.795433869157236,38.39923676108559,158.5751487609877,1.2878261358239564
2016-01-01 04:06:00,45.25054688839044,60.51125202388839,155.0607975838436,2.4413071516992457
2016-01-01 14:31:00,42.01702755461546,56.77618454566897,222.91933517757423,2.1577614392937696
2016-01-01 13:56:00,65.50500492814076,42.844106890190076,295.2068294786503,3.237653757511998
2016-01-01 16:26:00,65.0339830176715,70.87643680271995,193.8645533202138,2.553149156379209
2016-01-01 02:49:00,42.4626383564251,72.80123338170462,223.31791872231673,1.5840330720526414
2016-01-01 15:28:00,65.65524029234341,76.51439452497857,278.90590287810926,0.8206308783673828
2016-01-01 04:52:00,44.106352430557884,59.9089363269016,204.2659071282512,3.2769653860881878
2016-01-01 02:57:00,64.53534077157317,58.52490559807875,209.23702894478623,1.4985978531143633
2016-01-01 09:21:00,70.75400798645438,48.79182481278265,204.28435807016794,1.2432360229840738
2016-01-01 00:56:00,41.607824767773614,59.61668893512832,176.18895632276704,1.4444532205131333
2016-01-01 15:25:00,34.76813095216225,46.20923112620365,212.61201982133386,1.6636130545888639
2016-01-01 13:33:00,51.965547765115744,73.45258973798298,183.9378616941044,2.0976703767483356
2016-01-01 13:53:00,42.32202434895871,64.30686247802737,186.30034590853478,0.577025074738327
2016-01-01 07:23:00,49.10879960487212,40.5475207806623,234.48539026225973,3.588626928043596
2016-01-01 09:20:00,52.89774856896413,59.67949058477346,149.30520238537312,2.2327867429401635
2016-01-01 15:48:00,49.54413983644502,76.89075376158252,190.65519209190074,1.7200066981255202
2016-01-01 09:32:00,53.269273737641626,64.40336898249944,185.01616759966066,2.320785725932684
2016-01-01 06:59:00,50.67518481410109,67.61753634434436,133.67639358444586,1.4678314368728105
2016-01-01 06:05:00,45.987795281141636,57.62205640459545,276.686385495825,3.953259137526568
2016-01-01 02:24:00,156.34364140315466,57.40392263574196,188.83988726825976,198.30107295651044
2016-01-01 15:08:00,56.45484181141075,42.091124904014166,177.49935710020932,2.585904201164649
2016-01-01 07:13:00,57.17542255795962,51.25383842146592,191.2822871048582,1.902084753557096
2016-01-01 06:52:00,34.65885829264378,66.83831658122412,143.8727596877793,3.991553302204734
2016-01-01 05:15:00,50.21003841632759,40.32245651474761,221.07933053072279,2.4164460381014528
2016-01-01 10:58:00,51.98084760767855,44.90186152080538,208.59196698967656,2.16048962397348
2016-01-01 00:48:00,53.43618289568462,82.14810524588844,183.60526417435412,2.42548993324023
2016-01-01 10:42:00,47.40408648636395,58.805379131314275,157.61830356904576,1.0100422074479862
2026-01-01 00:00:00,68.8115706944059,67.45048834854782,177.22302369880646,3.5280313593878327
2016-01-01 08:09:00,58.816397569494505,78.93876155140774,104.01634219011719,0.40240083040456787
2016-01-01 11:11:00,29.266097675918505,54.49763382277969,229.10132835423633,2.8723153800284504
2016-01-01 14:05:00,54.92451264008149,44.58487288611063,145.1348736183578,2.8282296901846227
2016-01-01 13:12:00,52.715788371953735,57.59800806650039,179.3501088928283,2.2571989703559274
2016-01-01 07:28:00,44.861330826633065,78.57424607150453,160.81171672068018,1.612300083591439
2016-01-01 16:39:00,55.72582781356159,48.82646032790326,192.23704755876255,2.360647891435795
2016-01-01 12:07:00,53.47581705361671,72.12086697421718,267.07379577654405,3.06977145498385
2016-01-01 01:08:00,53.61636025047634,52.98448198032163,271.137406804997,2.2252641172475496
2016-01-01 04:27:00,35.69858622039367,46.44138537802815,215.98259129594885,1.6219921009817828
2016-01-01 14:04:00,51.66452208213056,62.397845879961004,210.83877818813144,3.6087808557343735
2016-01-01 00:55:00,59.31280119116199,49.92564948092922,159.0371070139251,1.1432279061732071
2016-01-01 14:17:00,54.71415556386404,56.24930228101571,188.47376874098745,2.5913492417584
2016-01-01 13:50:00,36.555494889657226,70.62321634884836,114.80642065866405,1.79747577293517
2016-01-01 05:27:00,57.91662693962936,57.83868666417577,180.64501487627996,1.4107283482106938
2016-01-01 00:47:00,60.57122226218915,36.35411764523626,199.53498394306928,1.663745261318928
2016-01-01 07:12:00,47.305931655554424,72.90710232539618,198.8223924562881,2.5222506360177785
2016-01-01 09:28:00,31.292080789741444,36.56181214670186,242.92255583283327,2.2243396567780827
2016-01-01 02:37:00,54.73832920911788,93.78653708016463,184.1142451621883,2.10940847183297
2016-01-01 16:29:00,50.26885838994531,66.47883817010911,320.5838337789211,1.225385029981418
2016-01-01 06:22:00,28.76104275690193,92.35962319898255,217.18939407749428,2.212574030632215
2016-01-01 05:56:00,49.8148686400761,51.806333276212754,181.53614303768984,2.07857702971915
2016-01-01 06:56:00,65.51151975522524,60.855196873456265,227.57381376197617,2.840734482129549
2016-01-01 09:30:00,50.184183791895514,71.9139701943274,201.91189974800142,1.70251779912615
2016-01-01 07:40:00,69.6472513291639,57.92316024024339,203.79776339580437,3.6957228778108653
2016-01-01 06:49:00,55.14438834058749,56.23750475317429,142.5868355623691,4.046862195719558
2016-01-01 00:24:00,44.556172754748175,85.91314755151066,49.024392208958744,0.1302583003045794
2016-01-01 00:37:00,30.403298761202244,38.0343767968527,174.55181871462506,2.170463770996571
2016-01-01 13:20:00,59.382838059759976,88.5178602862951,209.19172581612523,0.6114574461687889
2016-01-01 03:58:00,43.38213535231612,68.53474618777913,179.64818435366098,2.1847104747810833
2016-01-01 09:36:00,52.356145581085656,35.77302276141736,273.20886193762186,1.1680450825055488
2016-01-01 16:36:00,67.97686526849523,59.6021811112641,212.88762700713752,0.0
2016-01-01 06:36:00,32.868654709091224,39.793105657054554,153.90700934373433,2.5055892418358745
2016-01-01 15:15:00,52.790215257703395,51.859893003989676,292.4304416648206,1.9081552356650449
2016-01-01 08:17:00,48.09661321916392,78.12549345889714,186.01199157520827,1.9519114926692274
2016-01-01 11:53:00,53.991361143520706,72.71132515725633,130.03469125990293,0.0
2016-01-01 15:59:00,54.47708560017315,63.348583711937394,144.6853243794183,2.1864161697440463
2016-01-01 01:03:00,38.037933759193294,33.904293318328506,194.83891235337518,1.4706678875516292
2016-01-01 03:45:00,60.889505969673664,58.05268950399861,266.06520161365063,1.0121266590992508
2016-01-01 04:47:00,55.883172064845766,67.61986990368815,187.42305569777523,1.788333018068823
2016-01-01 13:23:00,45.377247112949576,37.294284110807595,149.7972701578995,2.1594625068041293
2016-01-01 15:10:00,46.92221765046999,85.98772499227638,173.23324564918886,0.5847328080758125
2016-01-01 15:50:00,47.5876394214367,33.40451297689678,260.2997258273408,2.5152943216244674
2016-01-01 07:10:00,38.16741487334225,64.61110046713651,228.23029629468002,2.466545311450127
2016-01-01 10:39:00,37.04921227936384,43.9870062861859,219.89635249734044,2.4578056099257846
2016-01-01 14:18:00,44.477769557190285,64.33040443919785,258.9862604180355,1.276009668257391
2016-01-01 11:26:00,47.59674601841865,53.03074054052411,223.46337949042632,4.485189916678891
2016-01-01 13:24:00,45.65503772567684,32.95290485616083,195.22678764554635,1.107212484508116
2016-01-01 13:18:00,50.28318376130461,76.14010707897897,182.01851637737687,1.0066413004180492
2016-01-01 14:38:00,49.83577103927248,34.74842711668575,214.60963641631866,0.4672994401100692
2016-01-01 12:05:00,48.16016663647321,76.28973174262549,200.18478359239236,2.5827375831738646
2016-01-01 03:24:00,36.22330632042909,60.732901054885566,152.17818115909955,1.047683619261203
2016-01-01 03:17:00,51.53725105945528,68.28734931625722,200.9573888707876,0.1168497919414162
2016-01-01 10:29:00,60.94191518470949,72.79160512683329,176.02535163003785,1.367244970114961
2016-01-01 06:24:00,42.40867338446302,71.13143058013961,201.63984977057933,3.105900424357309
2016-01-01 01:09:00,43.54880245394876,65.19755822596073,246.3107701120796,2.6927227551168595
2016-01-01 07:38:00,44.46350694652818,79.34629131124119,224.98425551514669,2.0188190497405984
2016-01-01 02:18:00,58.135172173696695,68.96100104774787,138.04464621730494,2.4734718990352285
2016-01-01 04:24:00,47.4743184860684,62.54041236054117,234.01080527252248,2.665416823691779
2016-01-01 02:20:00,52.27459934604129,55.53654744960012,208.23804206182584,2.846770775216494
2016-01-01 08:52:00,49.33920201352684,64.84751571277172,227.7756323171124,1.896568775709716
2016-01-01 16:34:00,39.983799901050844,65.27172311312374,152.40407699888823,0.0
2016-01-01 12:09:00,42.216952745976876,87.57275515192684,175.7347082316066,0.0
2016-01-01 10:22:00,68.82024496475034,73.78843401862805,204.19133139646806,0.021774750625189743
2016-01-01 16:21:00,54.254575617849646,39.305727528166045,263.6176750053384,3.6406145634882874
2016-01-01 11:15:00,42.22183312409125,55.1651929618299,101.86871541637105,2.0728740980155154
2016-01-01 05:36:00,41.745028032074885,50.7989600468859,225.0332860690605,0.6341758445845611
2016-01-01 09:33:00,47.80899471191136,39.65127293064893,197.48976914791277,2.194051943605874
2016-01-01 15:18:00,45.535663854494715,57.47784272122816,204.90337697694721,2.9495945713644884
2016-01-01 01:13:00,65.64643655814007,40.755116637171454,209.86578537027978,3.631856899089109
2016-01-01 06:34:00,61.79440120721287,54.52017673031837,195.82810151048196,3.9725421767898084
2016-01-01 14:37:00,52.237879516388986,56.86167189383208,166.6110221765557,2.2430047220544
2016-01-01 05:05:00,51.17327383308782,46.52298027313444,355.4959278002681,3.0613709648731335
2016-01-01 12:26:00,51.86766764477078,74.62796444673644,212.06609674583905,0.0
2016-01-01 12:48:00,,61.848072101767286,,2.66470274533311
2016-01-01 15:14:00,49.047044676130476,32.984133987708915,234.2753869395102,0.5009840395415988
2016-01-01 02:36:00,68.65774511144757,49.67774482233414,181.24018098380316,0.7625733617774275
2016-01-01 08:35:00,57.55391225825756,58.17378737425075,216.39397620796788,2.4754306825266235
2016-01-01 14:47:00,46.40707909212941,66.36091566696135,269.41688891042236,1.8378760245201415
2016-01-01 01:04:00,58.125258223941984,54.563385878953014,213.26811746998143,0.48552969081923303
2016-01-01 04:41:00,56.62130674521047,57.712952454291845,166.12176738321725,2.0300314791640823
2016-01-01 03:26:00,55.1503526720866,49.47012468289867,274.20580142679825,1.227340554729176
2016-01-01 02:46:00,58.2206015999449,80.76409227765777,159.4571244394831,1.6100762934405548
2016-01-01 01:30:00,50.9707754934804,58.92598110878904,216.33723823011601,0.18202077461284527
2016-01-01 12:13:00,32.9741639576216,55.452303257485866,156.0092823248973,2.1450637459593818
2016-01-01 02:44:00,59.63376129244322,75.3385564801446,279.02703432841867,0.8456373317670156
2016-01-01 11:06:00,47.450227825791444,45.01046651557634,242.4087106333334,2.7313802525749926
2016-01-01 15:34:00,54.40014450053332,99.66515020525551,243.8023396264897,2.0600859946151635
2016-01-01 10:25:00,,76.20072098571973,,1.0521072827310136
2016-01-01 05:55:00,39.97470635362191,21.134365617826354,213.0625265616928,1.8343685896823678
2016-01-01 11:50:00,52.11017467202618,76.60621003930459,159.07856670289993,0.5640904761314725
2016-01-01 13:51:00,40.81348053515802,63.49824196895253,153.77670059352226,1.471702953337021
2016-01-01 11:57:00,51.50301761461878,62.857495196685996,244.26157414944956,4.307916250616111
2016-01-01 08:55:00,50.47398671316414,36.07945399099807,185.24550428810468,3.5944423917491966
2026-01-01 00:00:00,48.61735698828815,73.86950524369153,192.77406646422412,1.139614989220498
2016-01-01 03:36:00,42.27174785462428,49.897640636341976,178.16401319797023,0.3433767923222262
2016-01-01 07:21:00,,77.60210786227987,,1.3858774349916838
2016-01-01 13:01:00,36.64655641289899,58.75341641056958,167.51173865758665,1.673303786813636
2016-01-01 14:45:00,68.46707325736034,64.2024173822941,175.01349119241848,2.5362909095171897
2016-01-01 16:32:00,47.52822617479403,77.83370057211964,203.60184306418725,0.024512228782862522
2016-01-01 15:44:00,68.46636996047665,69.32357834784077,216.20285141107803,1.5877792549755299
2016-01-01 00:59:00,,54.44078501870841,,1.6043192882437363
2016-01-01 11:07:00,65.0399298858269,52.42837618157674,138.37383426157453,2.5904220612514637
2016-01-01 09:02:00,55.298041779152825,84.91888821821806,189.1491474787815,2.879417041137403
2016-01-01 03:06:00,54.73237624573545,45.26268909692536,128.80214237749274,0.8032113535736884
2016-01-01 05:28:00,56.24119817052155,41.85457885738339,234.77688787828887,0.9078363672819103
2016-01-01 00:09:00,55.42560043585965,51.97147182659148,246.87850688132792,1.5288753481821213
2016-01-01 02:03:00,35.98148937207719,42.854926309042746,186.8554585395866,1.6419706202530138
2016-01-01 10:14:00,74.45751979616827,57.29280129614062,229.93971947809553,2.6928557558178117
2016-01-01 14:20:00,52.029230208513,57.98536887794178,173.4392852696201,1.5480506280881223
2016-01-01 03:27:00,55.13785950912209,50.05648623673578,217.780667439283,2.83019181186261
2016-01-01 09:14:00,53.37602662075202,56.602816621477096,156.58536340618167,0.1599222554942472
2016-01-01 04:33:00,50.10233061019587,55.25387325457797,201.70762087440124,2.7211353625455814
2016-01-01 08:23:00,55.62969236690571,59.94938313883572,169.38816327461248,2.0511979018810855
2016-01-01 00:45:00,42.801557916052914,73.25489906230008,256.05153336622357,0.0
2016-01-01 10:24:00,65.93186626639397,88.09946664326318,220.48813979797487,3.897767016745977
2016-01-01 12:51:00,180.1896378643059,85.4257656064613,162.67108267298806,190.38129347814876
2016-01-01 12:25:00,42.742561868465344,63.57553474102178,185.16962704651007,1.818496837864333
2016-01-01 01:12:00,49.64173960890049,61.15232836590383,204.43287954807187,2.202328796422802
2016-01-01 03:40:00,73.14658566673509,42.18602371455731,182.0829923989389,0.9498592603978544
2016-01-01 13:11:00,52.076876871631114,61.72539118721126,172.12884734458393,1.5875861817835197
2016-01-01 14:19:00,56.32931817755511,63.90482758156831,209.70538154766788,1.804609648822976
2016-01-01 05:41:00,52.436872114919126,60.04569030230122,221.0486472194695,1.7573187231879666
2016-01-01 10:01:00,40.77834675822375,80.62314628722277,230.9855722983068,1.280890548550814
2016-01-01 06:04:00,56.90143991711113,77.94857252496737,168.53683031536056,1.2909790423695096
2016-01-01 06:19:00,41.91701714644849,87.39014570320404,213.01402532914432,1.271727797593387
2016-01-01 15:06:00,36.40143859020081,36.43685771897251,179.1902797557373,3.3254321090950785
2016-01-01 00:12:00,52.41962271566034,91.12891308937898,161.54288251063508,0.71283643141575
2016-01-01 10:21:00,54.714683571359956,38.4258303252395,239.45283436877594,2.3514799003522016
2016-01-01 09:50:00,50.715662372193925,43.9179148202159,261.87190673420696,3.0683793336940166
2016-01-01 12:40:00,44.24362173762226,84.59946794057089,231.47647921109055,2.3220823107669855
2016-01-01 00:46:00,45.393612290402125,69.78484317620129,200.01035324590987,3.159074064955898
2016-01-01 05:26:00,61.581108735000676,45.90996909271868,145.4149561930343,1.9975961590811462
2016-01-01 04:03:00,,44.778649039607,,3.058728529883879
2016-01-01 13:04:00,55.5979044793104,61.23659629401755,175.63985394025366,2.4643698635465743
2016-01-01 13:44:00,45.54497478599228,62.529820079500915,197.37977747112652,1.3298847995457672
2016-01-01 05:24:00,39.93982618500298,60.9671162221518,199.72019905854768,3.103877343316258
2016-01-01 03:22:00,60.830512431752766,61.83446254548426,235.98789710740908,2.222289855800854
2016-01-01 13:14:00,39.189434595917376,63.19794942356533,198.42804148126118,2.007880184694728
2016-01-01 14:27:00,53.34456789987025,76.90057705241375,155.66595388582715,3.653617268492285
2016-01-01 11:20:00,57.21672064043235,66.05595135504915,233.95713877190977,0.8804538716168313
2016-01-01 16:24:00,,74.2968756806413,,2.242882013150275
2016-01-01 00:05:00,47.6586304305082,65.90228078132624,210.66468536864693,0.6645184309001086
2016-01-01 04:55:00,43.070904047393455,58.51665520213286,226.12570526328787,0.9246876069507621
2016-01-01 01:48:00,52.57550390722764,50.64346558956292,183.56907621255078,2.450603412862539
2016-01-01 09:19:00,45.79015519179737,55.93314598436147,246.2135069768915,0.7007836365541757
2016-01-01 00:22:00,,59.634681116085254,,1.5885733928839976
2016-01-01 08:01:00,40.44459559399574,54.4075027186235,285.9688953103648,0.0
2016-01-01 07:51:00,26.98078835264415,50.85325643520927,318.19362473096805,1.9191215021345387
2016-01-01 12:22:00,43.75181422304321,61.050782446697724,202.1757334321733,2.3216785413765
2016-01-01 12:41:00,150.50234905274158,71.13191236607838,159.78421201700039,161.08897459667733
2016-01-01 11:31:00,61.59329803364248,52.876445150662136,187.79597631628994,2.839468504518405
2016-01-01 04:46:00,48.482149049644164,32.456919403450556,239.16952546412978,1.6698799060335496
2016-01-01 03:30:00,55.70890510693167,41.34205146913072,137.47961330151412,3.1834936668899276
2016-01-01 03:18:00,50.58208718446,63.358712010969924,167.92565454778452,1.6276809470620772
2016-01-01 12:14:00,60.29155637325644,71.99912852913076,299.353055584972,2.7931756882186773
2016-01-01 14:46:00,55.839281853259635,47.85594720117531,173.68760717412894,0.0
2016-01-01 04:20:00,40.730695284219166,68.37490368782584,221.83692758667547,1.761889563687946
2016-01-01 13:17:00,56.81500697372624,48.05961214794766,110.70667540329444,2.212093353074175
2016-01-01 16:22:00,40.33023856870787,50.59924163115052,236.62460513899012,5.152056734512085
2016-01-01 02:48:00,47.54611883997129,68.92131512497929,188.29900704465092,1.9033763299851103
2016-01-01 11:28:00,57.10959968203491,64.24931807319213,237.8394339993491,3.2753907379990146
2016-01-01 05:33:00,43.22838288487888,82.36089205274928,182.14853995966953,2.5740712208940013
2016-01-01 10:13:00,38.74510952701623,58.83244204480797,199.6739342385271,2.395819781095923
2016-01-01 10:49:00,56.96206364813418,98.84345463027921,245.11385868933235,1.568874430424901
2016-01-01 05:58:00,53.227185603380896,37.81632646838807,111.188238355084,2.4581681147886987
2016-01-01 15:42:00,,64.0369041186766,,1.4030257132789261
2016-01-01 09:27:00,39.91913689082596,67.73908826556149,232.55681209118285,3.0743180127155614
2016-01-01 05:38:00,54.12931454275624,54.17734772188157,200.35315793140882,2.502784426895194
2016-01-01 01:53:00,74.63242112485287,67.43522831958907,149.89062721092637,0.7905230645811947
2016-01-01 09:09:00,43.960148132841795,78.40399835826462,304.4221386434963,1.964174421293537
2016-01-01 08:39:00,57.51387123371789,87.81138849501282,157.4296782869843,0.0
2016-01-01 04:30:00,64.41273289066116,76.36965180891403,217.38382417691682,1.7843323624523677
2016-01-01 13:38:00,,56.83304641758458,,1.602320306385396
2016-01-01 11:16:00,38.894241545341714,78.25737781238244,217.48250236498467,2.0731969910016943
2016-01-01 13:28:00,,36.282139469518,,2.65497558422169
2016-01-01 11:47:00,67.54794181984364,88.49822902342824,201.1951521642478,3.3522026788671444
2016-01-01 08:22:00,36.01432426180859,47.72701674866539,183.43458084083386,2.0452227089999826
2016-01-01 14:58:00,62.06508966508357,68.41379171911858,185.62762402998223,2.429340822801734
2016-01-01 14:30:00,48.2305277250595,43.41442997271096,168.13461264856025,0.6097780748465373
2016-01-01 03:59:00,58.52433334796224,84.42594934692806,234.31592284783505,2.937915537510655
2026-01-01 00:00:00,41.532062819315954,68.25078148536828,178.5377789850669,2.8929538701087694
2016-01-01 04:16:00,62.669111491866225,85.08858580256555,244.34436950486503,1.1189316633387079
2016-01-01 11:33:00,56.15935606944264,39.81030479629877,193.27516077991336,3.0573683053782252
2016-01-01 02:25:00,57.8182287177731,60.23368571372201,274.4931719301041,2.470044187368202
2016-01-01 10:00:00,57.56988616645352,57.256553383427395,106.17236469790629,1.1760645130280003
